StartDate,EndDate,Status,IPAddress,Progress,Duration (in seconds),Finished,RecordedDate,ResponseId,RecipientLastName,RecipientFirstName,RecipientEmail,ExternalReference,LocationLatitude,LocationLongitude,DistributionChannel,UserLanguage,consent,prolific_ID,study_ID,session_ID,day_of_week,num_morning_eps,m1_name,m1_device,m1_device_9_TEXT,1_m1_app,6_m1_app,7_m1_app,8_m1_app,9_m1_app,10_m1_app,m1_desire_strength,m1_conflict,m1_opportunity,m1_resist,m1_method_to_resist,m1_method_to_resist_12_TEXT,m1_engage,m1_motive,m1_motive_6_TEXT,m2_name,m2_device,m2_device_9_TEXT,1_m2_app,6_m2_app,7_m2_app,8_m2_app,9_m2_app,10_m2_app,m2_strength,m2_conflict,m2_opportunity,m2_resist,m2_method_to_resist,m2_method_to_resist_12_TEXT,m2_engage,m2_motive,m2_motive_6_TEXT,m3_name,m3_device,m3_device_9_TEXT,1_m3_app,6_m3_app,7_m3_app,8_m3_app,9_m3_app,10_m3_app,m3_strength,m3_conflict,m3_opportunity,m3_resist,m3_method_to_resist,m3_method_to_resist_12_TEXT,m3_engage,m3_motive,m3_motive_6_TEXT,num_afternoon_ep,quality_check_a,a1_name,a1_device,a1_device_9_TEXT,1_a1_app,6_a1_app,7_a1_app,8_a1_app,9_a1_app,10_a1_app,a1_strength,a1_conflict,a1_opportunity,a1_resist,a1_method_to_resist,a1_method_to_resist_12_TEXT,a1_engage,a1_motive,a1_motive_6_TEXT,a2_name,a2_device,a2_device_9_TEXT,1_a2_app,6_a2_app,7_a2_app,8_a2_app,9_a2_app,10_a2_app,a2_strength,a2_conflict,a2_opportunity,a2_resist,a2_method_to_resist,a2_method_to_resist_12_TEXT,a2_engage,a2_motive,a2_motive_6_TEXT,a3_name,a3_device,a3_device_9_TEXT,1_a3_app,6_a3_app,7_a3_app,8_a3_app,9_a3_app,10_a3_app,a3_strength,a3_conflict,a3_opportunity,a3_resist,a3_method_to_resist,a3_method_to_resist_12_TEXT,a3_engage,a3_motive,a3_motive_6_TEXT,num_evening_ep,e1_name,e1_device,e1_device_9_TEXT,1_e1_app,6_e1_app,7_e1_app,8_e1_app,9_e1_app,10_e1_app,e1_strength,e1_conflict,e1_opportunity,e1_resist,e1_method_to_resist,e1_method_to_resist_12_TEXT,e1_engage,e1_motive,e1_motive_6_TEXT,e2_name,e2_device,e2_device_9_TEXT,1_e2_app,6_e2_app,7_e2_app,8_e2_app,9_e2_app,10_e2_app,e2_strength,e2_conflict,e2_opportunity,e2_resist,e2_method_to_resist,e2_method_to_resist_12_TEXT,e2_engage,e2_motive,e2_motive_6_TEXT,e3_name,e3_device,e3_device_9_TEXT,1_e3_app,6_e3_app,7_e3_app,8_e3_app,9_e3_app,10_e3_app,e3_strength,e3_conflict,e3_opportunity,e3_resist,e3_method_to_resist,e3_method_to_resist_12_TEXT,e3_engage,e3_motive,e3_motive_6_TEXT,media_use_weekdays_1,media_use_weekdays_2,media_use_weekends_1,media_use_weekends_2,quality_check_b_1,quality_check_b_2,desire_to_disconnect,limiting_practices,difficulty_to_limit,quality_check_c,social_norms_1,social_norms_2,why_disconnect_1,why_disconnect_2,why_disconnect_3,why_disconnect_4,why_disconnect_5,why_disconnect_6,why_disconnect_7,PROLIFIC_PID,STUDY_ID,SESSION_ID
Start Date,End Date,Response Type,IP Address,Progress,Duration (in seconds),Finished,Recorded Date,Response ID,Recipient Last Name,Recipient First Name,Recipient Email,External Data Reference,Location Latitude,Location Longitude,Distribution Channel,User Language,"Informed Consent to Participate in Research

 

Study title: Digital Media Use Behaviors

Researchers: Kai Lukoff, Assistant Professor, Computer Science and Engineering, Santa Clara University

 

We’re inviting you to take a survey for research. This survey is completely voluntary. There are no negative consequences if you don’t want to take it. If you start the survey, you can always change your mind and stop at any time.

 

What is the purpose of this study? 

We are conducting a research study to understand when and why digital media use sometimes conflicts with people’s goals.

 

What will I do? 

This survey will ask questions about the apps and websites that you use. It includes questions about your goals for use, temptations that distract from your goals, and any strategies you use to manage your screen time. The survey will take about 20 minutes.  

 

Risks:

The following are risks of the study:


 Some questions ask about digital media use that conflicts with your goals. For example, overusing social media. Answering these questions may lead to feelings of dissatisfaction or regret. You can skip these questions or quit the survey at any time.
 Online data being hacked or intercepted: Anytime you share information online there are risks. We’re using a secure system to collect this data, but we can’t completely eliminate this risk.
 Breach of confidentiality: There is a chance your data could be seen by someone who shouldn’t have access to it. We’re minimizing this risk in the following ways:
 
  Data is de-identified, we do not collect your name or any personally identifying information.
  We’ll store all electronic data on a password-protected, encrypted computer. 
 
 




 
Possible benefits: 

The information gained from the study will help inform the design of interventions and technologies, such as screen time tools, that help people manage their digital media use.

 
How long will it take? 

About 20 minutes.

 
Future research: 

De-identified data (all identifying information removed) may be shared with other researchers. You won’t be told specific details about these future research studies.

 

Who can see my data?


 We (the researchers) will have access to your responses to the survey questions. This is so we can analyze the data and conduct the study.
 We may share our findings in publications or presentations. If we do, the results will be de-identified (no names, birthdate, address, etc.).
 We may make our dataset public so other researchers can use it. This public dataset will include only de-identified (no names, birthdate, address, etc.)


 
Questions about the research, complaints, or problems: 

Contact Kai Lukoff, Assistant Professor at Santa Clara University, at 408-551-3923

 
Questions about your rights as a research participant, complaints, or problems: 

Chair of the Human Subjects Committee at Santa Clara University, through the Office of Research Compliance and Integrity at (408) 554-5591

 

Agreement to Participate

Your participation is completely voluntary, and you can withdraw at any time.


 

To take this survey, you must be:

 At least 18 years old
 Reside in the United States


 

I have read this form, been given the chance to ask questions and have my questions answered. If I have more questions, I have been told who to contact. By selecting “I Agree” below, I am providing my signature by electronic means and agree to be in this study. I can print or save a copy of this consent information for future reference. If I do not want to be in this study, I can select “I Do Not Agree” to exit out of the survey.","What is your Prolific ID?
Please note that this response should auto-fill with the correct ID","What is your Study ID?

Please note that this response should auto-fill with the correct ID","What is your Session ID?

Please note that this response should auto-fill with the correct ID",What day of the week was YESTERDAY?,How many episodes with desires for any digital media would you like to record for YESTERDAY MORNING?,"Give MORNING EPISODE #1 a brief name to help you remember it (for example ""driving to University,"" or ""lunch with B"" where B is a person or a group of people).","Think back to YESTERDAY MORNING'S EPISODE #1.

Did you feel any desire for digital media during this episode? Which device did you feel tempted to use? If you felt multiple desires, please select the strongest. - Selected Choice","Think back to YESTERDAY MORNING'S EPISODE #1.

Did you feel any desire for digital media during this episode? Which device did you feel tempted to use? If you felt multiple desires, please select the strongest. - Other - Text","Smartphone/Tablet - For MORNING EPISODE #1 – [QID35-ChoiceTextEntryValue], you chose [Field-1].

What specific [Field-2] did you feel tempted to use? Try to be as specific as possible. For example, rather than saying [Field-3], try saying something like [Field-4].","Computer/Laptop - For MORNING EPISODE #1 – [QID35-ChoiceTextEntryValue], you chose [Field-1].

What specific [Field-2] did you feel tempted to use? Try to be as specific as possible. For example, rather than saying [Field-3], try saying something like [Field-4].","Television - For MORNING EPISODE #1 – [QID35-ChoiceTextEntryValue], you chose [Field-1].

What specific [Field-2] did you feel tempted to use? Try to be as specific as possible. For example, rather than saying [Field-3], try saying something like [Field-4].","Gaming Console - For MORNING EPISODE #1 – [QID35-ChoiceTextEntryValue], you chose [Field-1].

What specific [Field-2] did you feel tempted to use? Try to be as specific as possible. For example, rather than saying [Field-3], try saying something like [Field-4].","Other - For MORNING EPISODE #1 – [QID35-ChoiceTextEntryValue], you chose [Field-1].

What specific [Field-2] did you feel tempted to use? Try to be as specific as possible. For example, rather than saying [Field-3], try saying something like [Field-4].","No Desires - For MORNING EPISODE #1 – [QID35-ChoiceTextEntryValue], you chose [Field-1].

What specific [Field-2] did you feel tempted to use? Try to be as specific as possible. For example, rather than saying [Field-3], try saying something like [Field-4].",How strong was the desire to engage in this service/app? ([1_QID151-ChoiceTextEntryValue][6_QID151-ChoiceTextEntryValue][7_QID151-ChoiceTextEntryValue][8_QID151-ChoiceTextEntryValue][9_QID151-ChoiceTextEntryValue]),"On a scale of 1 to 7 (from Not at all to Very Much), how strongly was engaging in this service/app in conflict with one or more of your general lifetime goals or plans you have made before? ([1_QID151-ChoiceTextEntryValue][6_QID151-ChoiceTextEntryValue][7_QID151-ChoiceTextEntryValue][8_QID151-ChoiceTextEntryValue][9_QID151-ChoiceTextEntryValue])",Did you have the opportunity to engage in this service/app when you desired it? ([1_QID151-ChoiceTextEntryValue][6_QID151-ChoiceTextEntryValue][7_QID151-ChoiceTextEntryValue][8_QID151-ChoiceTextEntryValue][9_QID151-ChoiceTextEntryValue]),Did you attempt to resist engaging in this service/app that you desired? ([1_QID151-ChoiceTextEntryValue][6_QID151-ChoiceTextEntryValue][7_QID151-ChoiceTextEntryValue][8_QID151-ChoiceTextEntryValue][9_QID151-ChoiceTextEntryValue]),What methods did you use to attempt to resist engaging in this service/app that you desired? ([1_QID151-ChoiceTextEntryValue][6_QID151-ChoiceTextEntryValue][7_QID151-ChoiceTextEntryValue][8_QID151-ChoiceTextEntryValue][9_QID151-ChoiceTextEntryValue]) - Selected Choice,What methods did you use to attempt to resist engaging in this service/app that you desired? ([1_QID151-ChoiceTextEntryValue][6_QID151-ChoiceTextEntryValue][7_QID151-ChoiceTextEntryValue][8_QID151-ChoiceTextEntryValue][9_QID151-ChoiceTextEntryValue]) - Other - Text,Did you engage in this service/app that you desired (even just for a little bit)? ([1_QID151-ChoiceTextEntryValue][6_QID151-ChoiceTextEntryValue][7_QID151-ChoiceTextEntryValue][8_QID151-ChoiceTextEntryValue][9_QID151-ChoiceTextEntryValue]),What best captures the motivation behind your desire to engage in this service/app? ([1_QID151-ChoiceTextEntryValue][6_QID151-ChoiceTextEntryValue][7_QID151-ChoiceTextEntryValue][8_QID151-ChoiceTextEntryValue][9_QID151-ChoiceTextEntryValue]) - Selected Choice,What best captures the motivation behind your desire to engage in this service/app? ([1_QID151-ChoiceTextEntryValue][6_QID151-ChoiceTextEntryValue][7_QID151-ChoiceTextEntryValue][8_QID151-ChoiceTextEntryValue][9_QID151-ChoiceTextEntryValue]) - Other - Text,"Give MORNING EPISODE #2 a brief name to help you remember it (for example ""driving to University,"" or ""lunch with B"" where B is a person or a group of people).","Think back to YESTERDAY MORNING'S EPISODE #2.

Did you feel any desire for digital media? Which device did you feel tempted to use? - Selected Choice","Think back to YESTERDAY MORNING'S EPISODE #2.

Did you feel any desire for digital media? Which device did you feel tempted to use? - Other - Text","Smartphone/Tablet - For  MORNING EPISODE #2 – [QID134-ChoiceTextEntryValue], you chose [Field-1].

What specific [Field-2] did you feel tempted to use? Try to be as specific as possible. For example, rather than saying [Field-3], try saying something like [Field-4].","Computer/Laptop - For  MORNING EPISODE #2 – [QID134-ChoiceTextEntryValue], you chose [Field-1].

What specific [Field-2] did you feel tempted to use? Try to be as specific as possible. For example, rather than saying [Field-3], try saying something like [Field-4].","Television - For  MORNING EPISODE #2 – [QID134-ChoiceTextEntryValue], you chose [Field-1].

What specific [Field-2] did you feel tempted to use? Try to be as specific as possible. For example, rather than saying [Field-3], try saying something like [Field-4].","Gaming Console - For  MORNING EPISODE #2 – [QID134-ChoiceTextEntryValue], you chose [Field-1].

What specific [Field-2] did you feel tempted to use? Try to be as specific as possible. For example, rather than saying [Field-3], try saying something like [Field-4].","Other - For  MORNING EPISODE #2 – [QID134-ChoiceTextEntryValue], you chose [Field-1].

What specific [Field-2] did you feel tempted to use? Try to be as specific as possible. For example, rather than saying [Field-3], try saying something like [Field-4].","No Desires - For  MORNING EPISODE #2 – [QID134-ChoiceTextEntryValue], you chose [Field-1].

What specific [Field-2] did you feel tempted to use? Try to be as specific as possible. For example, rather than saying [Field-3], try saying something like [Field-4].",How strong was the desire to engage in this service/app? ([1_QID153-ChoiceTextEntryValue][6_QID153-ChoiceTextEntryValue][7_QID153-ChoiceTextEntryValue][8_QID153-ChoiceTextEntryValue][9_QID153-ChoiceTextEntryValue]),"On a scale of 1 to 7 (from Not at all to Very Much), how strongly was engaging in this service/app in conflict with one or more of your general lifetime goals or plans you have made before? ([1_QID153-ChoiceTextEntryValue][6_QID153-ChoiceTextEntryValue][7_QID153-ChoiceTextEntryValue][8_QID153-ChoiceTextEntryValue][9_QID153-ChoiceTextEntryValue])",Did you have the opportunity to engage in this service/app when you desired it?  ([1_QID153-ChoiceTextEntryValue][6_QID153-ChoiceTextEntryValue][7_QID153-ChoiceTextEntryValue][8_QID153-ChoiceTextEntryValue][9_QID153-ChoiceTextEntryValue]),Did you attempt to resist engaging in this service/app that you desired?  ([1_QID153-ChoiceTextEntryValue][6_QID153-ChoiceTextEntryValue][7_QID153-ChoiceTextEntryValue][8_QID153-ChoiceTextEntryValue][9_QID153-ChoiceTextEntryValue]),What methods did you use to attempt to resist engaging in this service/app that you desired?  ([1_QID153-ChoiceTextEntryValue][6_QID153-ChoiceTextEntryValue][7_QID153-ChoiceTextEntryValue][8_QID153-ChoiceTextEntryValue][9_QID153-ChoiceTextEntryValue]) - Selected Choice,What methods did you use to attempt to resist engaging in this service/app that you desired?  ([1_QID153-ChoiceTextEntryValue][6_QID153-ChoiceTextEntryValue][7_QID153-ChoiceTextEntryValue][8_QID153-ChoiceTextEntryValue][9_QID153-ChoiceTextEntryValue]) - Other - Text,Did you engage in this service/app that you desired (even just for a little bit)?  ([1_QID153-ChoiceTextEntryValue][6_QID153-ChoiceTextEntryValue][7_QID153-ChoiceTextEntryValue][8_QID153-ChoiceTextEntryValue][9_QID153-ChoiceTextEntryValue]),What best captures the motivation behind your desire to engage in this service/app?  ([1_QID153-ChoiceTextEntryValue][6_QID153-ChoiceTextEntryValue][7_QID153-ChoiceTextEntryValue][8_QID153-ChoiceTextEntryValue][9_QID153-ChoiceTextEntryValue]) - Selected Choice,What best captures the motivation behind your desire to engage in this service/app?  ([1_QID153-ChoiceTextEntryValue][6_QID153-ChoiceTextEntryValue][7_QID153-ChoiceTextEntryValue][8_QID153-ChoiceTextEntryValue][9_QID153-ChoiceTextEntryValue]) - Other - Text,"Give MORNING EPISODE #3 a brief name to help you remember it (for example ""driving to University,"" or ""lunch with B"" where B is a person or a group of people).","Think back to YESTERDAY MORNING'S EPISODE #3.

Did you feel any desire for digital media? Which device did you feel tempted to use? - Selected Choice","Think back to YESTERDAY MORNING'S EPISODE #3.

Did you feel any desire for digital media? Which device did you feel tempted to use? - Other - Text","Smartphone/Tablet - For MORNING EPISODE #3 – [QID136-ChoiceTextEntryValue], you chose [Field-1].

What specific [Field-2] did you feel tempted to use? Try to be as specific as possible. For example, rather than saying [Field-3], try saying something like [Field-4].","Computer/Laptop - For MORNING EPISODE #3 – [QID136-ChoiceTextEntryValue], you chose [Field-1].

What specific [Field-2] did you feel tempted to use? Try to be as specific as possible. For example, rather than saying [Field-3], try saying something like [Field-4].","Television - For MORNING EPISODE #3 – [QID136-ChoiceTextEntryValue], you chose [Field-1].

What specific [Field-2] did you feel tempted to use? Try to be as specific as possible. For example, rather than saying [Field-3], try saying something like [Field-4].","Gaming Console - For MORNING EPISODE #3 – [QID136-ChoiceTextEntryValue], you chose [Field-1].

What specific [Field-2] did you feel tempted to use? Try to be as specific as possible. For example, rather than saying [Field-3], try saying something like [Field-4].","Other - For MORNING EPISODE #3 – [QID136-ChoiceTextEntryValue], you chose [Field-1].

What specific [Field-2] did you feel tempted to use? Try to be as specific as possible. For example, rather than saying [Field-3], try saying something like [Field-4].","No Desires - For MORNING EPISODE #3 – [QID136-ChoiceTextEntryValue], you chose [Field-1].

What specific [Field-2] did you feel tempted to use? Try to be as specific as possible. For example, rather than saying [Field-3], try saying something like [Field-4].",How strong was the desire to engage in this service/app? ([1_QID157-ChoiceTextEntryValue][6_QID157-ChoiceTextEntryValue][7_QID157-ChoiceTextEntryValue][8_QID157-ChoiceTextEntryValue][9_QID157-ChoiceTextEntryValue]),"On a scale of 1 to 7 (from Not at all to Very Much), how strongly was engaging in this service/app in conflict with one or more of your general lifetime goals or plans you have made before? ([1_QID157-ChoiceTextEntryValue][6_QID157-ChoiceTextEntryValue][7_QID157-ChoiceTextEntryValue][8_QID157-ChoiceTextEntryValue][9_QID157-ChoiceTextEntryValue])",Did you have the opportunity to engage in this service/app when you desired it? ([1_QID157-ChoiceTextEntryValue][6_QID157-ChoiceTextEntryValue][7_QID157-ChoiceTextEntryValue][8_QID157-ChoiceTextEntryValue][9_QID157-ChoiceTextEntryValue]),Did you attempt to resist engaging in this service/app that you desired? ([1_QID157-ChoiceTextEntryValue][6_QID157-ChoiceTextEntryValue][7_QID157-ChoiceTextEntryValue][8_QID157-ChoiceTextEntryValue][9_QID157-ChoiceTextEntryValue]),What methods did you use to attempt to resist engaging in this service/app that you desired? ([1_QID157-ChoiceTextEntryValue][6_QID157-ChoiceTextEntryValue][7_QID157-ChoiceTextEntryValue][8_QID157-ChoiceTextEntryValue][9_QID157-ChoiceTextEntryValue]) - Selected Choice,What methods did you use to attempt to resist engaging in this service/app that you desired? ([1_QID157-ChoiceTextEntryValue][6_QID157-ChoiceTextEntryValue][7_QID157-ChoiceTextEntryValue][8_QID157-ChoiceTextEntryValue][9_QID157-ChoiceTextEntryValue]) - Other - Text,Did you engage in this service/app that you desired (even just for a little bit)? ([1_QID157-ChoiceTextEntryValue][6_QID157-ChoiceTextEntryValue][7_QID157-ChoiceTextEntryValue][8_QID157-ChoiceTextEntryValue][9_QID157-ChoiceTextEntryValue]),What best captures the motivation behind your desire to engage in this service/app? ([1_QID157-ChoiceTextEntryValue][6_QID157-ChoiceTextEntryValue][7_QID157-ChoiceTextEntryValue][8_QID157-ChoiceTextEntryValue][9_QID157-ChoiceTextEntryValue]) - Selected Choice,What best captures the motivation behind your desire to engage in this service/app? ([1_QID157-ChoiceTextEntryValue][6_QID157-ChoiceTextEntryValue][7_QID157-ChoiceTextEntryValue][8_QID157-ChoiceTextEntryValue][9_QID157-ChoiceTextEntryValue]) - Other - Text,How many episodes with desires for any digital media would you like to record for YESTERDAY AFTERNOON?,Please select the number 3 for quality purposes.,"Give AFTERNOON EPISODE #1 a brief name to help you remember it (for example ""driving to University,"" or ""lunch with B"" where B is a person or a group of people).","Think back to YESTERDAY AFTERNOON'S EPISODE #1.

Did you feel any desire for digital media? Which device did you feel tempted to use? - Selected Choice","Think back to YESTERDAY AFTERNOON'S EPISODE #1.

Did you feel any desire for digital media? Which device did you feel tempted to use? - Other - Text","Smartphone/Tablet - For AFTERNOON EPISODE #1 – [QID55-ChoiceTextEntryValue], you chose [Field-1].

What specific [Field-2] did you feel tempted to use? Try to be as specific as possible. For example, rather than saying [Field-3], try saying something like [Field-4].","Computer/Laptop - For AFTERNOON EPISODE #1 – [QID55-ChoiceTextEntryValue], you chose [Field-1].

What specific [Field-2] did you feel tempted to use? Try to be as specific as possible. For example, rather than saying [Field-3], try saying something like [Field-4].","Television - For AFTERNOON EPISODE #1 – [QID55-ChoiceTextEntryValue], you chose [Field-1].

What specific [Field-2] did you feel tempted to use? Try to be as specific as possible. For example, rather than saying [Field-3], try saying something like [Field-4].","Gaming Console - For AFTERNOON EPISODE #1 – [QID55-ChoiceTextEntryValue], you chose [Field-1].

What specific [Field-2] did you feel tempted to use? Try to be as specific as possible. For example, rather than saying [Field-3], try saying something like [Field-4].","Other - For AFTERNOON EPISODE #1 – [QID55-ChoiceTextEntryValue], you chose [Field-1].

What specific [Field-2] did you feel tempted to use? Try to be as specific as possible. For example, rather than saying [Field-3], try saying something like [Field-4].","No Desires - For AFTERNOON EPISODE #1 – [QID55-ChoiceTextEntryValue], you chose [Field-1].

What specific [Field-2] did you feel tempted to use? Try to be as specific as possible. For example, rather than saying [Field-3], try saying something like [Field-4].",How strong was the desire to engage in this service/app? ([1_QID158-ChoiceTextEntryValue][6_QID158-ChoiceTextEntryValue][7_QID158-ChoiceTextEntryValue][8_QID158-ChoiceTextEntryValue][9_QID158-ChoiceTextEntryValue]),"On a scale of 1 to 7 (from Not at all to Very Much), how strongly was engaging in this service/app in conflict with one or more of your general lifetime goals or plans you have made before? ([1_QID158-ChoiceTextEntryValue][6_QID158-ChoiceTextEntryValue][7_QID158-ChoiceTextEntryValue][8_QID158-ChoiceTextEntryValue][9_QID158-ChoiceTextEntryValue])",Did you have the opportunity to engage in this service/app when you desired it? ([1_QID158-ChoiceTextEntryValue][6_QID158-ChoiceTextEntryValue][7_QID158-ChoiceTextEntryValue][8_QID158-ChoiceTextEntryValue][9_QID158-ChoiceTextEntryValue]),Did you attempt to resist engaging in this service/app that you desired? ([1_QID158-ChoiceTextEntryValue][6_QID158-ChoiceTextEntryValue][7_QID158-ChoiceTextEntryValue][8_QID158-ChoiceTextEntryValue][9_QID158-ChoiceTextEntryValue]),What methods did you use to attempt to resist engaging in this service/app that you desired? ([1_QID158-ChoiceTextEntryValue][6_QID158-ChoiceTextEntryValue][7_QID158-ChoiceTextEntryValue][8_QID158-ChoiceTextEntryValue][9_QID158-ChoiceTextEntryValue]) - Selected Choice,What methods did you use to attempt to resist engaging in this service/app that you desired? ([1_QID158-ChoiceTextEntryValue][6_QID158-ChoiceTextEntryValue][7_QID158-ChoiceTextEntryValue][8_QID158-ChoiceTextEntryValue][9_QID158-ChoiceTextEntryValue]) - Other - Text,Did you engage in this service/app that you desired (even just for a little bit)? ([1_QID158-ChoiceTextEntryValue][6_QID158-ChoiceTextEntryValue][7_QID158-ChoiceTextEntryValue][8_QID158-ChoiceTextEntryValue][9_QID158-ChoiceTextEntryValue]),What best captures the motivation behind your desire to engage in this service/app? ([1_QID158-ChoiceTextEntryValue][6_QID158-ChoiceTextEntryValue][7_QID158-ChoiceTextEntryValue][8_QID158-ChoiceTextEntryValue][9_QID158-ChoiceTextEntryValue]) - Selected Choice,What best captures the motivation behind your desire to engage in this service/app? ([1_QID158-ChoiceTextEntryValue][6_QID158-ChoiceTextEntryValue][7_QID158-ChoiceTextEntryValue][8_QID158-ChoiceTextEntryValue][9_QID158-ChoiceTextEntryValue]) - Other - Text,"Give AFTERNOON EPISODE #2 a brief name to help you remember it (for example ""driving to University,"" or ""lunch with B"" where B is a person or a group of people).","Think back to YESTERDAY AFTERNOON'S EPISODE #2.

Did you feel any desire for digital media? Which device did you feel tempted to use? - Selected Choice","Think back to YESTERDAY AFTERNOON'S EPISODE #2.

Did you feel any desire for digital media? Which device did you feel tempted to use? - Other - Text","Smartphone/Tablet - For AFTERNOON EPISODE #2 – [QID138-ChoiceTextEntryValue], you chose [Field-1].

What specific [Field-2] did you feel tempted to use? Try to be as specific as possible. For example, rather than saying [Field-3], try saying something like [Field-4].","Computer/Laptop - For AFTERNOON EPISODE #2 – [QID138-ChoiceTextEntryValue], you chose [Field-1].

What specific [Field-2] did you feel tempted to use? Try to be as specific as possible. For example, rather than saying [Field-3], try saying something like [Field-4].","Television - For AFTERNOON EPISODE #2 – [QID138-ChoiceTextEntryValue], you chose [Field-1].

What specific [Field-2] did you feel tempted to use? Try to be as specific as possible. For example, rather than saying [Field-3], try saying something like [Field-4].","Gaming Console - For AFTERNOON EPISODE #2 – [QID138-ChoiceTextEntryValue], you chose [Field-1].

What specific [Field-2] did you feel tempted to use? Try to be as specific as possible. For example, rather than saying [Field-3], try saying something like [Field-4].","Other - For AFTERNOON EPISODE #2 – [QID138-ChoiceTextEntryValue], you chose [Field-1].

What specific [Field-2] did you feel tempted to use? Try to be as specific as possible. For example, rather than saying [Field-3], try saying something like [Field-4].","No Desires - For AFTERNOON EPISODE #2 – [QID138-ChoiceTextEntryValue], you chose [Field-1].

What specific [Field-2] did you feel tempted to use? Try to be as specific as possible. For example, rather than saying [Field-3], try saying something like [Field-4].",How strong was the desire to engage in this service/app? ([1_QID159-ChoiceTextEntryValue][6_QID159-ChoiceTextEntryValue][7_QID159-ChoiceTextEntryValue][8_QID159-ChoiceTextEntryValue][9_QID159-ChoiceTextEntryValue]),"On a scale of 1 to 7 (from Not at all to Very Much), how strongly was engaging in this service/app in conflict with one or more of your general lifetime goals or plans you have made before? ([1_QID159-ChoiceTextEntryValue][6_QID159-ChoiceTextEntryValue][7_QID159-ChoiceTextEntryValue][8_QID159-ChoiceTextEntryValue][9_QID159-ChoiceTextEntryValue])",Did you have the opportunity to engage in this service/app when you desired it? ([1_QID159-ChoiceTextEntryValue][6_QID159-ChoiceTextEntryValue][7_QID159-ChoiceTextEntryValue][8_QID159-ChoiceTextEntryValue][9_QID159-ChoiceTextEntryValue]),Did you attempt to resist engaging in this service/app that you desired? ([1_QID159-ChoiceTextEntryValue][6_QID159-ChoiceTextEntryValue][7_QID159-ChoiceTextEntryValue][8_QID159-ChoiceTextEntryValue][9_QID159-ChoiceTextEntryValue]),What methods did you use to attempt to resist engaging in this service/app that you desired? ([1_QID159-ChoiceTextEntryValue][6_QID159-ChoiceTextEntryValue][7_QID159-ChoiceTextEntryValue][8_QID159-ChoiceTextEntryValue][9_QID159-ChoiceTextEntryValue]) - Selected Choice,What methods did you use to attempt to resist engaging in this service/app that you desired? ([1_QID159-ChoiceTextEntryValue][6_QID159-ChoiceTextEntryValue][7_QID159-ChoiceTextEntryValue][8_QID159-ChoiceTextEntryValue][9_QID159-ChoiceTextEntryValue]) - Other - Text,Did you engage in this service/app that you desired (even just for a little bit)? ([1_QID159-ChoiceTextEntryValue][6_QID159-ChoiceTextEntryValue][7_QID159-ChoiceTextEntryValue][8_QID159-ChoiceTextEntryValue][9_QID159-ChoiceTextEntryValue]),What best captures the motivation behind your desire to engage in this service/app? ([1_QID159-ChoiceTextEntryValue][6_QID159-ChoiceTextEntryValue][7_QID159-ChoiceTextEntryValue][8_QID159-ChoiceTextEntryValue][9_QID159-ChoiceTextEntryValue]) - Selected Choice,What best captures the motivation behind your desire to engage in this service/app? ([1_QID159-ChoiceTextEntryValue][6_QID159-ChoiceTextEntryValue][7_QID159-ChoiceTextEntryValue][8_QID159-ChoiceTextEntryValue][9_QID159-ChoiceTextEntryValue]) - Other - Text,"Give AFTERNOON EPISODE #3 a brief name to help you remember it (for example ""driving to University,"" or ""lunch with B"" where B is a person or a group of people).","Think back to YESTERDAY AFTERNOON'S EPISODE #3.

Did you feel any desire for digital media? Which device did you feel tempted to use? - Selected Choice","Think back to YESTERDAY AFTERNOON'S EPISODE #3.

Did you feel any desire for digital media? Which device did you feel tempted to use? - Other - Text","Smartphone/Tablet - For AFTERNOON EPISODE #3 – [QID140-ChoiceTextEntryValue], you chose [Field-1].

What specific [Field-2] did you feel tempted to use? Try to be as specific as possible. For example, rather than saying [Field-3], try saying something like [Field-4].","Computer/Laptop - For AFTERNOON EPISODE #3 – [QID140-ChoiceTextEntryValue], you chose [Field-1].

What specific [Field-2] did you feel tempted to use? Try to be as specific as possible. For example, rather than saying [Field-3], try saying something like [Field-4].","Television - For AFTERNOON EPISODE #3 – [QID140-ChoiceTextEntryValue], you chose [Field-1].

What specific [Field-2] did you feel tempted to use? Try to be as specific as possible. For example, rather than saying [Field-3], try saying something like [Field-4].","Gaming Console - For AFTERNOON EPISODE #3 – [QID140-ChoiceTextEntryValue], you chose [Field-1].

What specific [Field-2] did you feel tempted to use? Try to be as specific as possible. For example, rather than saying [Field-3], try saying something like [Field-4].","Other - For AFTERNOON EPISODE #3 – [QID140-ChoiceTextEntryValue], you chose [Field-1].

What specific [Field-2] did you feel tempted to use? Try to be as specific as possible. For example, rather than saying [Field-3], try saying something like [Field-4].","No Desires - For AFTERNOON EPISODE #3 – [QID140-ChoiceTextEntryValue], you chose [Field-1].

What specific [Field-2] did you feel tempted to use? Try to be as specific as possible. For example, rather than saying [Field-3], try saying something like [Field-4].",How strong was the desire to engage in this service/app? ([1_QID160-ChoiceTextEntryValue][6_QID160-ChoiceTextEntryValue][7_QID160-ChoiceTextEntryValue][8_QID160-ChoiceTextEntryValue][9_QID160-ChoiceTextEntryValue]),"On a scale of 1 to 7 (from Not at all to Very Much), how strongly was engaging in this service/app in conflict with one or more of your general lifetime goals or plans you have made before? ([1_QID160-ChoiceTextEntryValue][6_QID160-ChoiceTextEntryValue][7_QID160-ChoiceTextEntryValue][8_QID160-ChoiceTextEntryValue][9_QID160-ChoiceTextEntryValue])",Did you have the opportunity to engage in this service/app when you desired it? ([1_QID160-ChoiceTextEntryValue][6_QID160-ChoiceTextEntryValue][7_QID160-ChoiceTextEntryValue][8_QID160-ChoiceTextEntryValue][9_QID160-ChoiceTextEntryValue]),Did you attempt to resist engaging in this service/app that you desired? ([1_QID160-ChoiceTextEntryValue][6_QID160-ChoiceTextEntryValue][7_QID160-ChoiceTextEntryValue][8_QID160-ChoiceTextEntryValue][9_QID160-ChoiceTextEntryValue]),What methods did you use to attempt to resist engaging in this service/app that you desired? ([1_QID160-ChoiceTextEntryValue][6_QID160-ChoiceTextEntryValue][7_QID160-ChoiceTextEntryValue][8_QID160-ChoiceTextEntryValue][9_QID160-ChoiceTextEntryValue]) - Selected Choice,What methods did you use to attempt to resist engaging in this service/app that you desired? ([1_QID160-ChoiceTextEntryValue][6_QID160-ChoiceTextEntryValue][7_QID160-ChoiceTextEntryValue][8_QID160-ChoiceTextEntryValue][9_QID160-ChoiceTextEntryValue]) - Other - Text,Did you engage in this service/app that you desired (even just for a little bit)? ([1_QID160-ChoiceTextEntryValue][6_QID160-ChoiceTextEntryValue][7_QID160-ChoiceTextEntryValue][8_QID160-ChoiceTextEntryValue][9_QID160-ChoiceTextEntryValue]),What best captures the motivation behind your desire to engage in this service/app? ([1_QID160-ChoiceTextEntryValue][6_QID160-ChoiceTextEntryValue][7_QID160-ChoiceTextEntryValue][8_QID160-ChoiceTextEntryValue][9_QID160-ChoiceTextEntryValue]) - Selected Choice,What best captures the motivation behind your desire to engage in this service/app? ([1_QID160-ChoiceTextEntryValue][6_QID160-ChoiceTextEntryValue][7_QID160-ChoiceTextEntryValue][8_QID160-ChoiceTextEntryValue][9_QID160-ChoiceTextEntryValue]) - Other - Text,How many episodes with desires for any digital media would you like to record for YESTERDAY EVENING?,"Give YESTERDAY EVENING'S EPISODE #1 a brief name to help you remember it (for example ""driving to University,"" or ""lunch with B"" where B is a person or a group of people).","Think back to YESTERDAY EVENING'S EPISODE #1.

Did you feel any desire for digital media? Which device did you feel tempted to use? - Selected Choice","Think back to YESTERDAY EVENING'S EPISODE #1.

Did you feel any desire for digital media? Which device did you feel tempted to use? - Other - Text","Smartphone/Tablet - For EVENING EPISODE #1 – [QID58-ChoiceTextEntryValue], you chose [Field-1].

What specific [Field-2] did you feel tempted to use? Try to be as specific as possible. For example, rather than saying [Field-3], try saying something like [Field-4].","Computer/Laptop - For EVENING EPISODE #1 – [QID58-ChoiceTextEntryValue], you chose [Field-1].

What specific [Field-2] did you feel tempted to use? Try to be as specific as possible. For example, rather than saying [Field-3], try saying something like [Field-4].","Television - For EVENING EPISODE #1 – [QID58-ChoiceTextEntryValue], you chose [Field-1].

What specific [Field-2] did you feel tempted to use? Try to be as specific as possible. For example, rather than saying [Field-3], try saying something like [Field-4].","Gaming Console - For EVENING EPISODE #1 – [QID58-ChoiceTextEntryValue], you chose [Field-1].

What specific [Field-2] did you feel tempted to use? Try to be as specific as possible. For example, rather than saying [Field-3], try saying something like [Field-4].","Other - For EVENING EPISODE #1 – [QID58-ChoiceTextEntryValue], you chose [Field-1].

What specific [Field-2] did you feel tempted to use? Try to be as specific as possible. For example, rather than saying [Field-3], try saying something like [Field-4].","No Desires - For EVENING EPISODE #1 – [QID58-ChoiceTextEntryValue], you chose [Field-1].

What specific [Field-2] did you feel tempted to use? Try to be as specific as possible. For example, rather than saying [Field-3], try saying something like [Field-4].",How strong was the desire to engage in this service/app? ([1_QID161-ChoiceTextEntryValue][6_QID161-ChoiceTextEntryValue][7_QID161-ChoiceTextEntryValue][8_QID161-ChoiceTextEntryValue][9_QID161-ChoiceTextEntryValue]),"On a scale of 1 to 7 (from Not at all to Very Much), how strongly was engaging in this service/app in conflict with one or more of your general lifetime goals or plans you have made before? ([1_QID161-ChoiceTextEntryValue][6_QID161-ChoiceTextEntryValue][7_QID161-ChoiceTextEntryValue][8_QID161-ChoiceTextEntryValue][9_QID161-ChoiceTextEntryValue])",Did you have the opportunity to engage in this service/app when you desired it? ([1_QID161-ChoiceTextEntryValue][6_QID161-ChoiceTextEntryValue][7_QID161-ChoiceTextEntryValue][8_QID161-ChoiceTextEntryValue][9_QID161-ChoiceTextEntryValue]),Did you attempt to resist engaging in this service/app that you desired? ([1_QID161-ChoiceTextEntryValue][6_QID161-ChoiceTextEntryValue][7_QID161-ChoiceTextEntryValue][8_QID161-ChoiceTextEntryValue][9_QID161-ChoiceTextEntryValue]),What methods did you use to attempt to resist this service/app that you desired? ([1_QID161-ChoiceTextEntryValue][6_QID161-ChoiceTextEntryValue][7_QID161-ChoiceTextEntryValue][8_QID161-ChoiceTextEntryValue][9_QID161-ChoiceTextEntryValue]) - Selected Choice,What methods did you use to attempt to resist this service/app that you desired? ([1_QID161-ChoiceTextEntryValue][6_QID161-ChoiceTextEntryValue][7_QID161-ChoiceTextEntryValue][8_QID161-ChoiceTextEntryValue][9_QID161-ChoiceTextEntryValue]) - Other - Text,Did you engage in this service/app that you desired (even just for a little bit)? ([1_QID161-ChoiceTextEntryValue][6_QID161-ChoiceTextEntryValue][7_QID161-ChoiceTextEntryValue][8_QID161-ChoiceTextEntryValue][9_QID161-ChoiceTextEntryValue]),What best captures the motivation behind your desire to engage in this service/app? ([1_QID161-ChoiceTextEntryValue][6_QID161-ChoiceTextEntryValue][7_QID161-ChoiceTextEntryValue][8_QID161-ChoiceTextEntryValue][9_QID161-ChoiceTextEntryValue]) - Selected Choice,What best captures the motivation behind your desire to engage in this service/app? ([1_QID161-ChoiceTextEntryValue][6_QID161-ChoiceTextEntryValue][7_QID161-ChoiceTextEntryValue][8_QID161-ChoiceTextEntryValue][9_QID161-ChoiceTextEntryValue]) - Other - Text,"Give YESTERDAY EVENING'S EPISODE #2 a brief name to help you remember it (for example ""driving to University,"" or ""lunch with B"" where B is a person or a group of people).","Think back to YESTERDAY EVENING'S EPISODE #2.

Did you feel any desire for digital media? Which device did you feel tempted to use? - Selected Choice","Think back to YESTERDAY EVENING'S EPISODE #2.

Did you feel any desire for digital media? Which device did you feel tempted to use? - Other - Text","Smartphone/Tablet - For EVENING EPISODE #2 – [QID142-ChoiceTextEntryValue], you chose [Field-1].

What specific [Field-2] did you feel tempted to use? Try to be as specific as possible. For example, rather than saying [Field-3], try saying something like [Field-4].","Computer/Laptop - For EVENING EPISODE #2 – [QID142-ChoiceTextEntryValue], you chose [Field-1].

What specific [Field-2] did you feel tempted to use? Try to be as specific as possible. For example, rather than saying [Field-3], try saying something like [Field-4].","Television - For EVENING EPISODE #2 – [QID142-ChoiceTextEntryValue], you chose [Field-1].

What specific [Field-2] did you feel tempted to use? Try to be as specific as possible. For example, rather than saying [Field-3], try saying something like [Field-4].","Gaming Console - For EVENING EPISODE #2 – [QID142-ChoiceTextEntryValue], you chose [Field-1].

What specific [Field-2] did you feel tempted to use? Try to be as specific as possible. For example, rather than saying [Field-3], try saying something like [Field-4].","Other - For EVENING EPISODE #2 – [QID142-ChoiceTextEntryValue], you chose [Field-1].

What specific [Field-2] did you feel tempted to use? Try to be as specific as possible. For example, rather than saying [Field-3], try saying something like [Field-4].","No Desires - For EVENING EPISODE #2 – [QID142-ChoiceTextEntryValue], you chose [Field-1].

What specific [Field-2] did you feel tempted to use? Try to be as specific as possible. For example, rather than saying [Field-3], try saying something like [Field-4].",How strong was the desire to engage in this service/app? ([1_QID162-ChoiceTextEntryValue][6_QID162-ChoiceTextEntryValue][7_QID162-ChoiceTextEntryValue][8_QID162-ChoiceTextEntryValue][9_QID162-ChoiceTextEntryValue]),"On a scale of 1 to 7 (from Not at all to Very Much), how strongly was engaging in this service/app in conflict with one or more of your general lifetime goals or plans you have made before? ([1_QID162-ChoiceTextEntryValue][6_QID162-ChoiceTextEntryValue][7_QID162-ChoiceTextEntryValue][8_QID162-ChoiceTextEntryValue][9_QID162-ChoiceTextEntryValue])",Did you have the opportunity to engage in this service/app when you desired it? ([1_QID162-ChoiceTextEntryValue][6_QID162-ChoiceTextEntryValue][7_QID162-ChoiceTextEntryValue][8_QID162-ChoiceTextEntryValue][9_QID162-ChoiceTextEntryValue]),Did you attempt to resist engaging in this service/app that you desired? ([1_QID162-ChoiceTextEntryValue][6_QID162-ChoiceTextEntryValue][7_QID162-ChoiceTextEntryValue][8_QID162-ChoiceTextEntryValue][9_QID162-ChoiceTextEntryValue]),What methods did you use to attempt to resist this service/app that you desired? ([1_QID162-ChoiceTextEntryValue][6_QID162-ChoiceTextEntryValue][7_QID162-ChoiceTextEntryValue][8_QID162-ChoiceTextEntryValue][9_QID162-ChoiceTextEntryValue]) - Selected Choice,What methods did you use to attempt to resist this service/app that you desired? ([1_QID162-ChoiceTextEntryValue][6_QID162-ChoiceTextEntryValue][7_QID162-ChoiceTextEntryValue][8_QID162-ChoiceTextEntryValue][9_QID162-ChoiceTextEntryValue]) - Other - Text,Did you engage in this service/app that you desired (even just for a little bit)? ([1_QID162-ChoiceTextEntryValue][6_QID162-ChoiceTextEntryValue][7_QID162-ChoiceTextEntryValue][8_QID162-ChoiceTextEntryValue][9_QID162-ChoiceTextEntryValue]),What best captures the motivation behind your desire to engage in this service/app? ([1_QID162-ChoiceTextEntryValue][6_QID162-ChoiceTextEntryValue][7_QID162-ChoiceTextEntryValue][8_QID162-ChoiceTextEntryValue][9_QID162-ChoiceTextEntryValue]) - Selected Choice,What best captures the motivation behind your desire to engage in this service/app? ([1_QID162-ChoiceTextEntryValue][6_QID162-ChoiceTextEntryValue][7_QID162-ChoiceTextEntryValue][8_QID162-ChoiceTextEntryValue][9_QID162-ChoiceTextEntryValue]) - Other - Text,"Give YESTERDAY EVENING'S EPISODE #3 a brief name to help you remember it (for example ""driving to University,"" or ""lunch with B"" where B is a person or a group of people).","Think back to YESTERDAY EVENING'S EPISODE #3.

Did you feel any desire for digital media? Which device did you feel tempted to use? - Selected Choice","Think back to YESTERDAY EVENING'S EPISODE #3.

Did you feel any desire for digital media? Which device did you feel tempted to use? - Other - Text","Smartphone/Tablet - For EVENING EPISODE #3 – [QID144-ChoiceTextEntryValue], you chose [Field-1].

What specific [Field-2] did you feel tempted to use? Try to be as specific as possible. For example, rather than saying [Field-3], try saying something like [Field-4].","Computer/Laptop - For EVENING EPISODE #3 – [QID144-ChoiceTextEntryValue], you chose [Field-1].

What specific [Field-2] did you feel tempted to use? Try to be as specific as possible. For example, rather than saying [Field-3], try saying something like [Field-4].","Television - For EVENING EPISODE #3 – [QID144-ChoiceTextEntryValue], you chose [Field-1].

What specific [Field-2] did you feel tempted to use? Try to be as specific as possible. For example, rather than saying [Field-3], try saying something like [Field-4].","Gaming Console - For EVENING EPISODE #3 – [QID144-ChoiceTextEntryValue], you chose [Field-1].

What specific [Field-2] did you feel tempted to use? Try to be as specific as possible. For example, rather than saying [Field-3], try saying something like [Field-4].","Other - For EVENING EPISODE #3 – [QID144-ChoiceTextEntryValue], you chose [Field-1].

What specific [Field-2] did you feel tempted to use? Try to be as specific as possible. For example, rather than saying [Field-3], try saying something like [Field-4].","No Desires - For EVENING EPISODE #3 – [QID144-ChoiceTextEntryValue], you chose [Field-1].

What specific [Field-2] did you feel tempted to use? Try to be as specific as possible. For example, rather than saying [Field-3], try saying something like [Field-4].",How strong was the desire to engage in this service/app? ([1_QID163-ChoiceTextEntryValue][6_QID163-ChoiceTextEntryValue][7_QID163-ChoiceTextEntryValue][8_QID163-ChoiceTextEntryValue][9_QID163-ChoiceTextEntryValue]),"On a scale of 1 to 7 (from Not at all to Very Much), how strongly was engaging in this service/app in conflict with one or more of your general lifetime goals or plans you have made before?([1_QID163-ChoiceTextEntryValue][6_QID163-ChoiceTextEntryValue][7_QID163-ChoiceTextEntryValue][8_QID163-ChoiceTextEntryValue][9_QID163-ChoiceTextEntryValue])",Did you have the opportunity to engage in this service/app when you desired it? ([1_QID163-ChoiceTextEntryValue][6_QID163-ChoiceTextEntryValue][7_QID163-ChoiceTextEntryValue][8_QID163-ChoiceTextEntryValue][9_QID163-ChoiceTextEntryValue]),Did you attempt to resist engaging in this service/app that you desired? ([1_QID163-ChoiceTextEntryValue][6_QID163-ChoiceTextEntryValue][7_QID163-ChoiceTextEntryValue][8_QID163-ChoiceTextEntryValue][9_QID163-ChoiceTextEntryValue]),What methods did you use to attempt to resist engaging in this service/app that you desired? ([1_QID163-ChoiceTextEntryValue][6_QID163-ChoiceTextEntryValue][7_QID163-ChoiceTextEntryValue][8_QID163-ChoiceTextEntryValue][9_QID163-ChoiceTextEntryValue]) - Selected Choice,What methods did you use to attempt to resist engaging in this service/app that you desired? ([1_QID163-ChoiceTextEntryValue][6_QID163-ChoiceTextEntryValue][7_QID163-ChoiceTextEntryValue][8_QID163-ChoiceTextEntryValue][9_QID163-ChoiceTextEntryValue]) - Other - Text,Did you engage in this service/app that you desired (even just for a little bit)? ([1_QID163-ChoiceTextEntryValue][6_QID163-ChoiceTextEntryValue][7_QID163-ChoiceTextEntryValue][8_QID163-ChoiceTextEntryValue][9_QID163-ChoiceTextEntryValue]),What best captures the motivation behind your desire to engage in this service/app? ([1_QID163-ChoiceTextEntryValue][6_QID163-ChoiceTextEntryValue][7_QID163-ChoiceTextEntryValue][8_QID163-ChoiceTextEntryValue][9_QID163-ChoiceTextEntryValue]) - Selected Choice,What best captures the motivation behind your desire to engage in this service/app? ([1_QID163-ChoiceTextEntryValue][6_QID163-ChoiceTextEntryValue][7_QID163-ChoiceTextEntryValue][8_QID163-ChoiceTextEntryValue][9_QID163-ChoiceTextEntryValue]) - Other - Text,"For an average weekday, please indicate for each purpose how many hours per day you spend on digital media. - For work purposes","For an average weekday, please indicate for each purpose how many hours per day you spend on digital media. - For private and leisure purposes","For an average weekend day, please indicate for each purpose how many hours per day you spend on digital media. - For work purposes","For an average weekend day, please indicate for each purpose how many hours per day you spend on digital media. - For private and leisure purposes","For quality purposes, please indicate '0 hrs' for work purposes and '10+ hrs' for private and leisure purposes. - For work purposes","For quality purposes, please indicate '0 hrs' for work purposes and '10+ hrs' for private and leisure purposes. - For private and leisure purposes","Some people feel they use digital media too much and ideally would use it less. Other people are happy with their usage or would ideally use it more.

In general, how do you feel about your use of digital media?","People sometimes deliberately limit their use of digital media. Some examples are putting digital devices away during other activities, turning off notifications from apps and programs, or closing apps and programs that take too much time. 

To what extent do you deliberately limit your use of digital media?",Do you find it easy or difficult to limit your use of digital media?,"In order to show that you are paying attention, please select 'Does not apply to me.'",To what extent do you disagree or agree with the following statements? - I find it important to limit my digital media use,To what extent do you disagree or agree with the following statements? - My family and friends find it important to limit their digital media use,"We are interested in why people limit their digital media use. To what extent do the following statements apply to you? 


I limit my digital media use because.... - I want to spend less time on digital media","We are interested in why people limit their digital media use. To what extent do the following statements apply to you? 


I limit my digital media use because.... - I sometimes do not want to be digitally available to others","We are interested in why people limit their digital media use. To what extent do the following statements apply to you? 


I limit my digital media use because.... - I consider it important for my well-being","We are interested in why people limit their digital media use. To what extent do the following statements apply to you? 


I limit my digital media use because.... - I do not want to be distracted during a leisure activity","We are interested in why people limit their digital media use. To what extent do the following statements apply to you? 


I limit my digital media use because.... - I do not want to be distracted when I am working","We are interested in why people limit their digital media use. To what extent do the following statements apply to you? 


I limit my digital media use because.... - I am concerned about my online privacy","We are interested in why people limit their digital media use. To what extent do the following statements apply to you? 


I limit my digital media use because.... - I am not interested in certain content on digital media",PROLIFIC_PID,STUDY_ID,SESSION_ID
"{""ImportId"":""startDate"",""timeZone"":""America/Denver""}","{""ImportId"":""endDate"",""timeZone"":""America/Denver""}","{""ImportId"":""status""}","{""ImportId"":""ipAddress""}","{""ImportId"":""progress""}","{""ImportId"":""duration""}","{""ImportId"":""finished""}","{""ImportId"":""recordedDate"",""timeZone"":""America/Denver""}","{""ImportId"":""_recordId""}","{""ImportId"":""recipientLastName""}","{""ImportId"":""recipientFirstName""}","{""ImportId"":""recipientEmail""}","{""ImportId"":""externalDataReference""}","{""ImportId"":""locationLatitude""}","{""ImportId"":""locationLongitude""}","{""ImportId"":""distributionChannel""}","{""ImportId"":""userLanguage""}","{""ImportId"":""QID1215136002""}","{""ImportId"":""QID227_TEXT""}","{""ImportId"":""QID228_TEXT""}","{""ImportId"":""QID229_TEXT""}","{""ImportId"":""QID29""}","{""ImportId"":""QID30""}","{""ImportId"":""QID35_TEXT""}","{""ImportId"":""QID149""}","{""ImportId"":""QID149_9_TEXT""}","{""ImportId"":""1_QID151_TEXT""}","{""ImportId"":""6_QID151_TEXT""}","{""ImportId"":""7_QID151_TEXT""}","{""ImportId"":""8_QID151_TEXT""}","{""ImportId"":""9_QID151_TEXT""}","{""ImportId"":""10_QID151_TEXT""}","{""ImportId"":""QID11""}","{""ImportId"":""QID12""}","{""ImportId"":""QID13""}","{""ImportId"":""QID14""}","{""ImportId"":""QID112""}","{""ImportId"":""QID112_12_TEXT""}","{""ImportId"":""QID15""}","{""ImportId"":""QID16""}","{""ImportId"":""QID16_6_TEXT""}","{""ImportId"":""QID134_TEXT""}","{""ImportId"":""QID155""}","{""ImportId"":""QID155_9_TEXT""}","{""ImportId"":""1_QID153_TEXT""}","{""ImportId"":""6_QID153_TEXT""}","{""ImportId"":""7_QID153_TEXT""}","{""ImportId"":""8_QID153_TEXT""}","{""ImportId"":""9_QID153_TEXT""}","{""ImportId"":""10_QID153_TEXT""}","{""ImportId"":""QID41""}","{""ImportId"":""QID42""}","{""ImportId"":""QID43""}","{""ImportId"":""QID44""}","{""ImportId"":""QID113""}","{""ImportId"":""QID113_12_TEXT""}","{""ImportId"":""QID45""}","{""ImportId"":""QID46""}","{""ImportId"":""QID46_6_TEXT""}","{""ImportId"":""QID136_TEXT""}","{""ImportId"":""QID164""}","{""ImportId"":""QID164_9_TEXT""}","{""ImportId"":""1_QID157_TEXT""}","{""ImportId"":""6_QID157_TEXT""}","{""ImportId"":""7_QID157_TEXT""}","{""ImportId"":""8_QID157_TEXT""}","{""ImportId"":""9_QID157_TEXT""}","{""ImportId"":""10_QID157_TEXT""}","{""ImportId"":""QID48""}","{""ImportId"":""QID49""}","{""ImportId"":""QID50""}","{""ImportId"":""QID51""}","{""ImportId"":""QID114""}","{""ImportId"":""QID114_12_TEXT""}","{""ImportId"":""QID52""}","{""ImportId"":""QID53""}","{""ImportId"":""QID53_6_TEXT""}","{""ImportId"":""QID54""}","{""ImportId"":""QID230""}","{""ImportId"":""QID55_TEXT""}","{""ImportId"":""QID165""}","{""ImportId"":""QID165_9_TEXT""}","{""ImportId"":""1_QID158_TEXT""}","{""ImportId"":""6_QID158_TEXT""}","{""ImportId"":""7_QID158_TEXT""}","{""ImportId"":""8_QID158_TEXT""}","{""ImportId"":""9_QID158_TEXT""}","{""ImportId"":""10_QID158_TEXT""}","{""ImportId"":""QID61""}","{""ImportId"":""QID62""}","{""ImportId"":""QID63""}","{""ImportId"":""QID64""}","{""ImportId"":""QID115""}","{""ImportId"":""QID115_12_TEXT""}","{""ImportId"":""QID65""}","{""ImportId"":""QID66""}","{""ImportId"":""QID66_6_TEXT""}","{""ImportId"":""QID138_TEXT""}","{""ImportId"":""QID166""}","{""ImportId"":""QID166_9_TEXT""}","{""ImportId"":""1_QID159_TEXT""}","{""ImportId"":""6_QID159_TEXT""}","{""ImportId"":""7_QID159_TEXT""}","{""ImportId"":""8_QID159_TEXT""}","{""ImportId"":""9_QID159_TEXT""}","{""ImportId"":""10_QID159_TEXT""}","{""ImportId"":""QID119""}","{""ImportId"":""QID120""}","{""ImportId"":""QID121""}","{""ImportId"":""QID122""}","{""ImportId"":""QID123""}","{""ImportId"":""QID123_12_TEXT""}","{""ImportId"":""QID124""}","{""ImportId"":""QID125""}","{""ImportId"":""QID125_6_TEXT""}","{""ImportId"":""QID140_TEXT""}","{""ImportId"":""QID167""}","{""ImportId"":""QID167_9_TEXT""}","{""ImportId"":""1_QID160_TEXT""}","{""ImportId"":""6_QID160_TEXT""}","{""ImportId"":""7_QID160_TEXT""}","{""ImportId"":""8_QID160_TEXT""}","{""ImportId"":""9_QID160_TEXT""}","{""ImportId"":""10_QID160_TEXT""}","{""ImportId"":""QID127""}","{""ImportId"":""QID128""}","{""ImportId"":""QID129""}","{""ImportId"":""QID130""}","{""ImportId"":""QID131""}","{""ImportId"":""QID131_12_TEXT""}","{""ImportId"":""QID132""}","{""ImportId"":""QID133""}","{""ImportId"":""QID133_6_TEXT""}","{""ImportId"":""QID57""}","{""ImportId"":""QID58_TEXT""}","{""ImportId"":""QID168""}","{""ImportId"":""QID168_9_TEXT""}","{""ImportId"":""1_QID161_TEXT""}","{""ImportId"":""6_QID161_TEXT""}","{""ImportId"":""7_QID161_TEXT""}","{""ImportId"":""8_QID161_TEXT""}","{""ImportId"":""9_QID161_TEXT""}","{""ImportId"":""10_QID161_TEXT""}","{""ImportId"":""QID68""}","{""ImportId"":""QID69""}","{""ImportId"":""QID70""}","{""ImportId"":""QID71""}","{""ImportId"":""QID109""}","{""ImportId"":""QID109_12_TEXT""}","{""ImportId"":""QID72""}","{""ImportId"":""QID73""}","{""ImportId"":""QID73_6_TEXT""}","{""ImportId"":""QID142_TEXT""}","{""ImportId"":""QID169""}","{""ImportId"":""QID169_9_TEXT""}","{""ImportId"":""1_QID162_TEXT""}","{""ImportId"":""6_QID162_TEXT""}","{""ImportId"":""7_QID162_TEXT""}","{""ImportId"":""8_QID162_TEXT""}","{""ImportId"":""9_QID162_TEXT""}","{""ImportId"":""10_QID162_TEXT""}","{""ImportId"":""QID96""}","{""ImportId"":""QID97""}","{""ImportId"":""QID98""}","{""ImportId"":""QID99""}","{""ImportId"":""QID110""}","{""ImportId"":""QID110_12_TEXT""}","{""ImportId"":""QID100""}","{""ImportId"":""QID101""}","{""ImportId"":""QID101_6_TEXT""}","{""ImportId"":""QID144_TEXT""}","{""ImportId"":""QID170""}","{""ImportId"":""QID170_9_TEXT""}","{""ImportId"":""1_QID163_TEXT""}","{""ImportId"":""6_QID163_TEXT""}","{""ImportId"":""7_QID163_TEXT""}","{""ImportId"":""8_QID163_TEXT""}","{""ImportId"":""9_QID163_TEXT""}","{""ImportId"":""10_QID163_TEXT""}","{""ImportId"":""QID103""}","{""ImportId"":""QID104""}","{""ImportId"":""QID105""}","{""ImportId"":""QID106""}","{""ImportId"":""QID111""}","{""ImportId"":""QID111_12_TEXT""}","{""ImportId"":""QID107""}","{""ImportId"":""QID108""}","{""ImportId"":""QID108_6_TEXT""}","{""ImportId"":""QID1_1""}","{""ImportId"":""QID1_2""}","{""ImportId"":""QID3_1""}","{""ImportId"":""QID3_2""}","{""ImportId"":""QID234_1""}","{""ImportId"":""QID234_2""}","{""ImportId"":""QID4""}","{""ImportId"":""QID5""}","{""ImportId"":""QID6""}","{""ImportId"":""QID232""}","{""ImportId"":""QID7_1""}","{""ImportId"":""QID7_2""}","{""ImportId"":""QID8_1""}","{""ImportId"":""QID8_2""}","{""ImportId"":""QID8_3""}","{""ImportId"":""QID8_4""}","{""ImportId"":""QID8_5""}","{""ImportId"":""QID8_6""}","{""ImportId"":""QID8_7""}","{""ImportId"":""PROLIFIC_PID""}","{""ImportId"":""STUDY_ID""}","{""ImportId"":""SESSION_ID""}"
2023-08-10 01:40:17,2023-08-10 01:51:21,Survey Preview,,100,663,True,2023-08-10 01:51:22,R_1HpNdMaB76fC9QX,,,,,37.1357,-121.6502,preview,EN,,,,,Wednesday,3,breakfast,Smartphone/Tablet,,Minecraft,,,,,,Weak,5,No,No,,,No,High Appeal/Entertainment,,cleaning,Television,,,,Netflix,,,,Strong,6,Yes,Yes,,,Yes,High Appeal/Entertainment,,running,No Desires,,,,,,,,,,,,,,,,,3,,lunch,No Desires,,,,,,,,,,,,,,,,,studying,Other,,,,,,Spotify,,Weak,4,Yes,No,,,No,High Appeal/Entertainment,,tacos with mom,Television,,,,netflix,,,,Very Strong,7 (Very Much),Yes,No,,,Yes,High Appeal/Entertainment,,3,,,,,,,,,,,,,,,,,,,driving,Smartphone/Tablet,,Podcast,,,,,,Strong,1 (Not at all),Yes,No,,,No,High Appeal/Entertainment,,dinner,Computer/Laptop,,,youtube,,,,,Weak,6,Yes,Yes,,,Yes,High Appeal/Entertainment,,3 hrs,5 hrs,5 hrs,7 hrs,,,I would like to use digital media less,To a small extent,Difficult,,Agree,Disagree,Applies to me to an average extent,Applies to me to a small extent,Applies to me a great extent,Applies to me to a small extent,Applies to me to an average extent,Applies to me a great extent,Applies to me a great extent,,,
2023-08-03 16:02:06,2023-08-03 16:02:56,IP Address,153.18.172.68,13,49,False,2023-08-10 16:02:58,R_2zpgu9FoZzDqDdm,,,,,,,anonymous,EN,,,,,Wednesday,,,,,,,,,,,,,,,,,,,,,,,,,,,,,,,,,,,,,,,,,,,,,,,,,,,,,,,,,,,,,,,,,,,,,,,,,,,,,,,,,,,,,,,,,,,,,,,,,,,,,,,,,,,,,,,,,,,,,,,,,,,,,,,,,,,,,,,,,,,,,,,,,,,,,,,,,,,,,,,,,,,,,,,,,,,,,,,,,,,,,,,,,,,,
2023-08-11 23:52:02,2023-08-12 00:06:42,Survey Preview,,100,880,True,2023-08-12 00:06:44,R_2sbD9In1Y2SzxGw,,,,,37.1357,-121.6502,preview,EN,,,,,Thursday,2,breakfast,Television,,,,netflix,,,,Strong,5,Yes,No,,,Yes,High Appeal/Entertainment,,cleaning,Smartphone/Tablet,,instagram,,,,,,Normal,5,Yes,Yes,I just used willpower/simply resisted,,Yes,High Appeal/Entertainment,,,,,,,,,,,,,,,,,,,,0,,,,,,,,,,,,,,,,,,,,,,,,,,,,,,,,,,,,,,,,,,,,,,,,,,,,,,,,3,,,,,,,,,,,,,,,,,,,dinner,Television,,,,netflix,,,,Very Weak,1 (Not at all),Yes,No,,,Yes,High Appeal/Entertainment,,sleeping,Smartphone/Tablet,,tiktok,,,,,,Strong,3,Yes,No,,,Yes,High Appeal/Entertainment,,6 hrs,4 hrs,3 hrs,6 hrs,,,I would like to use digital media less,To an average extent,Difficult,,Agree,Disagree,Applies to me to an average extent,Applies to me to a small extent,Completely applies to me,Applies to me to a small extent,Applies to me a great extent,Applies to me a great extent,Applies to me to an average extent,,,
2023-08-15 19:20:34,2023-08-15 19:28:37,IP Address,172.56.185.80,100,483,True,2023-08-15 19:28:38,R_1DvUd0fyL7QOOTy,,,,,33.754,-117.8578,anonymous,EN,,,,,Monday,1,eating breakfast,Smartphone/Tablet,,YouTube,,,,,,Weak,1 (Not at all),No,Yes,"I remind myself of my goals,I just used willpower/simply resisted",,No,High Appeal/Entertainment,,,,,,,,,,,,,,,,,,,,,,,,,,,,,,,,,,,,,,1,,coding a personal project,Smartphone/Tablet,,"YouTube, Snapchat, and Instagram",,,,,,Normal,5,Yes,No,,,Yes,Other,,,,,,,,,,,,,,,,,,,,,,,,,,,,,,,,,,,,,,1,,,,,,,,,,,,,,,,,,,,,,,,,,,,,,,,,,,,,,,,,,,,,,,,,,,,,,,8 hrs,3 hrs,8 hrs,3 hrs,,,I use digital media about the right amount,To an average extent,Easy,,Agree,Neither disagree nor agree,Applies to me a great extent,Does not apply to me at all,Applies to me a great extent,Applies to me to a small extent,Does not apply to me at all,Does not apply to me at all,Does not apply to me at all,,,
2023-08-16 16:13:44,2023-08-16 16:27:37,IP Address,174.85.68.149,100,833,True,2023-08-16 16:27:38,R_AicillvAFnAfDvX,,,,,37.1357,-121.6502,anonymous,EN,,,,,Tuesday,3,breakfast,Smartphone/Tablet,,instagram,,,,,,Normal,5,Yes,No,,,Yes,High Appeal/Entertainment,,getting ready,Television,,,,Netflix,,,,Normal,3,Yes,Yes,I remind myself of my goals,,No,High Appeal/Entertainment,,driving,Smartphone/Tablet,,Spotify,,,,,,Strong,2,Yes,No,,,Yes,Low Cost,,3,,lunch,Other,,,,,,Minecraft,,Strong,6,No,No,,,No,High Appeal/Entertainment,,driving,No Desires,,,,,,,,,,,,,,,,,playing games,Computer/Laptop,,,gmail,,,,,Strong,5,Yes,Yes,I distracted myself,,Yes,Work Requirement,,3,,,,,,,,,,,,,,,,,,,bowling,Smartphone/Tablet,,imessage,,,,,,Normal,5,Yes,Yes,I removed the device/app from the situation,,Yes,Seeking Information,,boba,Smartphone/Tablet,,instagram,,,,,,Weak,5,Yes,No,,,Yes,Low Cost,,7 hrs,8 hrs,5 hrs,7 hrs,,,I use digital media about the right amount,To a small extent,Neither easy nor difficult,,Agree,Neither disagree nor agree,Completely applies to me,Applies to me a great extent,Applies to me a great extent,Applies to me a great extent,Applies to me a great extent,Applies to me a great extent,Applies to me a great extent,,,
2023-08-16 20:31:17,2023-08-16 20:45:47,IP Address,47.45.70.57,100,870,True,2023-08-16 20:45:48,R_xr2wNn5FmDerAEp,,,,,37.0156,-121.5779,anonymous,EN,,,,,Tuesday,3,nosebleed,No Desires,,,,,,,,,,,,,,,,,post-nosebleed (approx. 6 am),Smartphone/Tablet,,spotify,,,,,,Very Strong,1 (Not at all),Yes,No,,,Yes,High Appeal/Entertainment,,driving to school,No Desires,,,,,,,,,,,,,,,,,2,,driving home,No Desires,,,,,,,,,,,,,,,,,dance class,No Desires,,,,,,,,,,,,,,,,,,,,,,,,,,,,,,,,,,,1,pre-sleep,Computer/Laptop,,,google classroom,,,,,Normal,1 (Not at all),Yes,No,,,Yes,Seeking Information,,,,,,,,,,,,,,,,,,,,,,,,,,,,,,,,,,,,,,4 hrs,8 hrs,2 hrs,9 hrs,,,I would like to use digital media less,To an average extent,Difficult,,Strongly agree,Agree,Completely applies to me,Completely applies to me,Completely applies to me,Completely applies to me,Completely applies to me,Applies to me to an average extent,Applies to me to a small extent,,,
2023-08-16 20:48:15,2023-08-16 20:51:36,IP Address,174.85.68.149,100,201,True,2023-08-16 20:51:37,R_25YNWMcHkxOTLi9,,,,,37.1357,-121.6502,anonymous,EN,,,,,Tuesday,1,Waking up,Smartphone/Tablet,,Instagram,,,,,,Very Strong,2,Yes,No,,,Yes,High Appeal/Entertainment,,,,,,,,,,,,,,,,,,,,,,,,,,,,,,,,,,,,,,0,,,,,,,,,,,,,,,,,,,,,,,,,,,,,,,,,,,,,,,,,,,,,,,,,,,,,,,,1,Dinner with B,Television,,,,Disney+,,,,Normal,1 (Not at all),Yes,No,,,Yes,High Appeal/Entertainment,,,,,,,,,,,,,,,,,,,,,,,,,,,,,,,,,,,,,,8 hrs,3 hrs,4 hrs,5 hrs,,,I would like to use digital media less,To an average extent,Neither easy nor difficult,,Disagree,Disagree,Applies to me to a small extent,Completely applies to me,Applies to me to an average extent,Does not apply to me at all,Does not apply to me at all,Applies to me to a small extent,Applies to me to an average extent,,,
2023-08-16 20:47:13,2023-08-16 20:57:06,IP Address,172.2.147.100,100,592,True,2023-08-16 20:57:07,R_1mCLEPTHS5zbtwh,,,,,37.1835,-121.7714,anonymous,EN,,,,,Tuesday,1,lunch,Smartphone/Tablet,,"Instagram ",,,,,,Normal,2,Yes,No,,,Yes,High Appeal/Entertainment,,,,,,,,,,,,,,,,,,,,,,,,,,,,,,,,,,,,,,1,,Bus,Smartphone/Tablet,,"Instagram ",,,,,,Strong,1 (Not at all),Yes,No,,,Yes,High Appeal/Entertainment,,,,,,,,,,,,,,,,,,,,,,,,,,,,,,,,,,,,,,1,Bed,Smartphone/Tablet,,"Tik Tok ",,,,,,Normal,4,Yes,Yes,I just used willpower/simply resisted,,Yes,High Appeal/Entertainment,,,,,,,,,,,,,,,,,,,,,,,,,,,,,,,,,,,,,,4 hrs,5 hrs,1 hrs,8 hrs,,,I would like to use digital media less,Not at all,Neither easy nor difficult,,Neither disagree nor agree,Disagree,Applies to me to an average extent,Applies to me to an average extent,Applies to me to an average extent,Applies to me to a small extent,Applies to me a great extent,Does not apply to me at all,Does not apply to me at all,,,
2023-08-16 21:54:54,2023-08-16 22:17:33,IP Address,174.85.95.61,100,1358,True,2023-08-16 22:17:34,R_8eMpRE2pi2qy8W5,,,,,37.1357,-121.6502,anonymous,EN,,,,,Tuesday,2,Getting ready for school,No Desires,,,,,,,,,,,,,,,,,School day,Computer/Laptop,,,Notion,,,,,Very Weak,1 (Not at all),Yes,Yes,I just used willpower/simply resisted,,No,Other,"I wanted to reorganize my assignments. ",,,,,,,,,,,,,,,,,,,2,,End of the school day,Smartphone/Tablet,,Spotify,,,,,,Very Weak,1 (Not at all),Yes,Yes,I just used willpower/simply resisted,,No,Other,"To maintain focus when I am fatigued. ",Coming home from school,Smartphone/Tablet,,Instagram,,,,,,Normal,3,Yes,No,,,Yes,High Appeal/Entertainment,,,,,,,,,,,,,,,,,,,,1,Getting ready for bed,No Desires,,,,,,,,,,,,,,,,,,,,,,,,,,,,,,,,,,,,,,,,,,,,,,,,,,,,,4 hrs,2 hrs,2 hrs,4 hrs,,,I would like to use digital media less,To an average extent,Easy,,Strongly agree,Agree,Completely applies to me,Applies to me a great extent,Applies to me a great extent,Applies to me to an average extent,Completely applies to me,Applies to me to an average extent,Applies to me to an average extent,,,
2023-08-16 20:31:22,2023-08-16 20:34:15,IP Address,73.12.232.137,4,172,False,2023-08-23 20:34:16,R_smRh0LGcC9ykg9P,,,,,,,anonymous,EN,,,,,Tuesday,1,,,,,,,,,,,,,,,,,,,,,,,,,,,,,,,,,,,,,,,,,,,,,,,,,,,,,,,,,,,,,,,,,,,,,,,,,,,,,,,,,,,,,,,,,,,,,,,,,,,,,,,,,,,,,,,,,,,,,,,,,,,,,,,,,,,,,,,,,,,,,,,,,,,,,,,,,,,,,,,,,,,,,,,,,,,,,,,,,,,,,,,,,,,
2023-08-16 20:45:29,2023-08-16 20:45:58,IP Address,47.155.215.73,4,28,False,2023-08-23 20:45:58,R_3ea7Gn77OvlZcBG,,,,,,,anonymous,EN,,,,,Tuesday,3,,,,,,,,,,,,,,,,,,,,,,,,,,,,,,,,,,,,,,,,,,,,,,,,,,,,,,,,,,,,,,,,,,,,,,,,,,,,,,,,,,,,,,,,,,,,,,,,,,,,,,,,,,,,,,,,,,,,,,,,,,,,,,,,,,,,,,,,,,,,,,,,,,,,,,,,,,,,,,,,,,,,,,,,,,,,,,,,,,,,,,,,,,,
2023-08-16 20:39:51,2023-08-16 20:48:06,IP Address,174.85.68.149,25,495,False,2023-08-23 20:48:12,R_2sbPYSCn0hrJTfK,,,,,,,anonymous,EN,,,,,Tuesday,3,Waking up,Smartphone/Tablet,,Instagram,,,,,,Strong,2,Yes,No,,,Yes,High Appeal/Entertainment,,Class with B,Computer/Laptop,,,Gmail,,,,,Very Strong,3,No,Yes,I promised myself I could give in later,,Yes,Seeking Information,,Dinner with B,Television,,,,Disney+,,,,,,,,,,,,,,,,,,,,,,,,,,,,,,,,,,,,,,,,,,,,,,,,,,,,,,,,,,,,,,,,,,,,,,,,,,,,,,,,,,,,,,,,,,,,,,,,,,,,,,,,,,,,,,,,,,,,,,,,,,,,,,,,,,,,,,,,,,,,,,,,,
2023-08-16 21:36:52,2023-08-16 21:37:27,IP Address,47.156.16.129,2,35,False,2023-08-23 21:37:34,R_W9BLl6RmIGCV1xD,,,,,,,anonymous,EN,,,,,Wednesday,,,,,,,,,,,,,,,,,,,,,,,,,,,,,,,,,,,,,,,,,,,,,,,,,,,,,,,,,,,,,,,,,,,,,,,,,,,,,,,,,,,,,,,,,,,,,,,,,,,,,,,,,,,,,,,,,,,,,,,,,,,,,,,,,,,,,,,,,,,,,,,,,,,,,,,,,,,,,,,,,,,,,,,,,,,,,,,,,,,,,,,,,,,,
2023-08-16 23:15:09,2023-08-16 23:15:15,IP Address,76.132.58.216,1,5,False,2023-08-23 23:15:16,R_2v16GUWmjEAGpAc,,,,,,,anonymous,EN,,,,,,,,,,,,,,,,,,,,,,,,,,,,,,,,,,,,,,,,,,,,,,,,,,,,,,,,,,,,,,,,,,,,,,,,,,,,,,,,,,,,,,,,,,,,,,,,,,,,,,,,,,,,,,,,,,,,,,,,,,,,,,,,,,,,,,,,,,,,,,,,,,,,,,,,,,,,,,,,,,,,,,,,,,,,,,,,,,,,,,,,,,,,,,,,,
2023-08-16 23:19:35,2023-08-16 23:22:32,IP Address,174.85.124.222,16,177,False,2023-08-23 23:22:41,R_x2SP6cZoQ7dQY5b,,,,,,,anonymous,EN,,,,,Tuesday,3,work,Smartphone/Tablet,,tiktok,,,,,,Strong,1 (Not at all),Yes,Yes,I removed the device/app from the situation,,Yes,High Appeal/Entertainment,,gilroy,Smartphone/Tablet,,,,,,,,,,,,,,,,,,,,,,,,,,,,,,,,,,,,,,,,,,,,,,,,,,,,,,,,,,,,,,,,,,,,,,,,,,,,,,,,,,,,,,,,,,,,,,,,,,,,,,,,,,,,,,,,,,,,,,,,,,,,,,,,,,,,,,,,,,,,,,,,,,,,,,,,,,,,,,,,,,,,,,,
2023-08-17 00:23:03,2023-08-17 00:23:22,IP Address,67.164.35.141,2,18,False,2023-08-24 00:23:23,R_1CeJbQ8qnAjZrNn,,,,,,,anonymous,EN,,,,,Tuesday,,,,,,,,,,,,,,,,,,,,,,,,,,,,,,,,,,,,,,,,,,,,,,,,,,,,,,,,,,,,,,,,,,,,,,,,,,,,,,,,,,,,,,,,,,,,,,,,,,,,,,,,,,,,,,,,,,,,,,,,,,,,,,,,,,,,,,,,,,,,,,,,,,,,,,,,,,,,,,,,,,,,,,,,,,,,,,,,,,,,,,,,,,,,
2023-08-17 01:31:37,2023-08-17 01:32:20,IP Address,98.47.217.178,0,43,False,2023-08-24 01:32:22,R_1FOZEh26vokKHsD,,,,,,,anonymous,EN,,,,,,,,,,,,,,,,,,,,,,,,,,,,,,,,,,,,,,,,,,,,,,,,,,,,,,,,,,,,,,,,,,,,,,,,,,,,,,,,,,,,,,,,,,,,,,,,,,,,,,,,,,,,,,,,,,,,,,,,,,,,,,,,,,,,,,,,,,,,,,,,,,,,,,,,,,,,,,,,,,,,,,,,,,,,,,,,,,,,,,,,,,,,,,,,,
2023-08-21 16:52:56,2023-08-21 16:53:03,IP Address,75.25.119.67,1,6,False,2023-08-28 16:53:06,R_3iJbRBQ37JWLzPG,,,,,,,anonymous,EN,,,,,,,,,,,,,,,,,,,,,,,,,,,,,,,,,,,,,,,,,,,,,,,,,,,,,,,,,,,,,,,,,,,,,,,,,,,,,,,,,,,,,,,,,,,,,,,,,,,,,,,,,,,,,,,,,,,,,,,,,,,,,,,,,,,,,,,,,,,,,,,,,,,,,,,,,,,,,,,,,,,,,,,,,,,,,,,,,,,,,,,,,,,,,,,,,
2023-08-30 12:47:58,2023-08-30 12:53:33,IP Address,129.210.115.228,100,334,True,2023-08-30 12:53:34,R_eA14iCatsb18h9v,,,,,37.3476,-121.9338,anonymous,EN,,,,,Tuesday,1,I woke up,Smartphone/Tablet,,Instagram,,,,,,Strong,4,Yes,Yes,"I distracted myself,I remind myself of my goals,I promised myself I could give in later,I reminded myself of why it was bad for me,I just used willpower/simply resisted",,Yes,High Appeal/Entertainment,,,,,,,,,,,,,,,,,,,,,,,,,,,,,,,,,,,,,,0,,,,,,,,,,,,,,,,,,,,,,,,,,,,,,,,,,,,,,,,,,,,,,,,,,,,,,,,1,Relaxing after dinnee,Smartphone/Tablet,,Flok,,,,,,Weak,2,No,Yes,"I distracted myself,I just used willpower/simply resisted",,No,High Appeal/Entertainment,,,,,,,,,,,,,,,,,,,,,,,,,,,,,,,,,,,,,,3 hrs,5 hrs,2 hrs,5 hrs,,,I would like to use digital media less,To a small extent,Difficult,,Neither disagree nor agree,Strongly agree,Applies to me to an average extent,Applies to me a great extent,Applies to me to an average extent,Applies to me a great extent,Applies to me to an average extent,Applies to me to an average extent,Applies to me to an average extent,,,
2023-08-30 12:46:56,2023-08-30 12:57:34,IP Address,129.210.115.227,100,638,True,2023-08-30 12:57:35,R_2zRSlmyjYyZ5KaU,,,,,37.3476,-121.9338,anonymous,EN,,,,,Tuesday,1,Waking up,Smartphone/Tablet,,email,,,,,,Irresistible,7 (Very Much),Yes,No,,,Yes,Seeking Information,,,,,,,,,,,,,,,,,,,,,,,,,,,,,,,,,,,,,,1,,Working,Computer/Laptop,,,Calendar,,,,,Irresistible,1 (Not at all),Yes,No,,,Yes,Work Requirement,,,,,,,,,,,,,,,,,,,,,,,,,,,,,,,,,,,,,,1,Relaxing,Computer/Laptop,,,Youtube,,,,,Irresistible,3,Yes,No,,,Yes,Other,Relax,,,,,,,,,,,,,,,,,,,,,,,,,,,,,,,,,,,,,5 hrs,9 hrs,1 hrs,10+ hrs,,,I would like to use digital media less,To an average extent,Very difficult,,Agree,Disagree,Applies to me to a small extent,Applies to me to an average extent,Applies to me to a small extent,Applies to me to a small extent,Applies to me a great extent,Does not apply to me at all,Completely applies to me,,,
2023-08-30 12:51:27,2023-08-30 13:11:43,IP Address,129.210.115.227,100,1215,True,2023-08-30 13:11:44,R_3J9JXu3wRGr7cQZ,,,,,37.3476,-121.9338,anonymous,EN,,,,,Tuesday,1,eating lunch,Smartphone/Tablet,,Youtube,,,,,,Strong,6,Yes,No,,,Yes,High Appeal/Entertainment,,,,,,,,,,,,,,,,,,,,,,,,,,,,,,,,,,,,,,2,,Attend group meeting,Computer/Laptop,,,"Youtube, Twitter",,,,,Normal,4,Yes,Yes,I remind myself of my goals,,No,Constant Availability,,clean up room,Smartphone/Tablet,,Youtube,,,,,,Strong,5,Yes,Yes,I just used willpower/simply resisted,,Yes,Constant Availability,,,,,,,,,,,,,,,,,,,,3,Move boxes to storage,No Desires,,,,,,,,,,,,,,,,,eat dinner,Smartphone/Tablet,,"youtube, TikTok",,,,,,Normal,3,Yes,No,,,Yes,Constant Availability,,update portfolio,Computer/Laptop,,,youtube,,,,,Weak,5,Yes,Yes,I remind myself of my goals,,No,Constant Availability,,4 hrs,6 hrs,8 hrs,1 hrs,,,I would like to use digital media less,To a small extent,Difficult,,Agree,Disagree,Applies to me a great extent,Does not apply to me at all,Applies to me to a small extent,Applies to me to a small extent,Completely applies to me,Applies to me to an average extent,Applies to me to an average extent,,,
2023-08-30 13:04:29,2023-08-30 16:03:51,IP Address,104.28.124.69,100,10761,True,2023-08-30 16:03:52,R_1ingqjgQiNe3vbv,,,,,37.8075,-122.2644,anonymous,EN,,,,,Tuesday,3,First,Smartphone/Tablet,,"Instagram, Email",,,,,,Strong,6,Yes,Yes,"I distracted myself,I remind myself of my goals,I promised myself I could give in later",,Yes,Work Requirement,,Breakfast,Smartphone/Tablet,,Spotify,,,,,,Very Strong,4,Yes,Yes,I just used willpower/simply resisted,,Yes,Other,Calming,Work 1,Computer/Laptop,,,"Email, work documents",,,,,Very Strong,1 (Not at all),Yes,No,,,Yes,Work Requirement,,1,,Lunch & Work,Computer/Laptop,,,Google docs and Camino,,,,,Very Strong,4,Yes,Yes,"I remind myself of my goals,I promised myself I could give in later,I reminded myself of why it was bad for me",,Yes,Seeking Information,,,,,,,,,,,,,,,,,,,,,,,,,,,,,,,,,,,,,,2,Evening,Computer/Laptop,,,Netflix,,,,,Strong,5,No,Yes,"I distracted myself,I remind myself of my goals,I promised myself I could give in later",,No,High Appeal/Entertainment,,Evening work,Smartphone/Tablet,,Apple TV,,,,,,Very Strong,5,No,Yes,"I distracted myself,I promised myself I could give in later,I just used willpower/simply resisted",,No,Seeking Information,,,,,,,,,,,,,,,,,,,,7 hrs,7 hrs,4 hrs,7 hrs,,,I would like to use digital media less,To a small extent,Difficult,,Strongly agree,Agree,Completely applies to me,Applies to me a great extent,Completely applies to me,Applies to me to an average extent,Applies to me to an average extent,Applies to me a great extent,Applies to me to an average extent,,,
2023-08-30 13:02:55,2023-08-30 13:04:04,IP Address,49.207.193.68,31,68,False,2023-09-06 13:04:14,R_24qjChHoiSLYuR5,,,,,,,anonymous,EN,,,,,Tuesday,0,,,,,,,,,,,,,,,,,,,,,,,,,,,,,,,,,,,,,,,,,,,,,,,,,,,,,,,,,,,,,,,,,,,,,,,,,,,,,,,,,,,,,,,,,,,,,,,,,,,,,,,,,,,,,,,,,,,,,,,,,,,,,,,,,,,,,,,,,,,,,,,,,,,,,,,,,,,,,,,,,,,,,,,,,,,,,,,,,,,,,,,,,,,
2023-08-31 18:44:17,2023-08-31 18:44:19,IP Address,73.158.247.88,1,2,False,2023-09-07 18:44:21,R_1oqd58MmC6C2IkM,,,,,,,anonymous,EN,,,,,,,,,,,,,,,,,,,,,,,,,,,,,,,,,,,,,,,,,,,,,,,,,,,,,,,,,,,,,,,,,,,,,,,,,,,,,,,,,,,,,,,,,,,,,,,,,,,,,,,,,,,,,,,,,,,,,,,,,,,,,,,,,,,,,,,,,,,,,,,,,,,,,,,,,,,,,,,,,,,,,,,,,,,,,,,,,,,,,,,,,,,,,,,,,
2023-09-07 16:35:02,2023-09-08 02:56:28,IP Address,70.228.77.117,4,37286,False,2023-09-15 02:56:31,R_1n7opXCuQqDWnXc,,,,,,,anonymous,EN,,,,,Friday,2,,,,,,,,,,,,,,,,,,,,,,,,,,,,,,,,,,,,,,,,,,,,,,,,,,,,,,,,,,,,,,,,,,,,,,,,,,,,,,,,,,,,,,,,,,,,,,,,,,,,,,,,,,,,,,,,,,,,,,,,,,,,,,,,,,,,,,,,,,,,,,,,,,,,,,,,,,,,,,,,,,,,,,,,,,,,,,,,,,,,,,,,,,,
2023-09-19 14:15:02,2023-09-19 14:19:14,Survey Preview,,100,252,True,2023-09-19 14:19:17,R_11ZaCcw54aX5T5E,,,,,37.3526,-121.9541,preview,EN,,,,,Monday,1,breakfast,Smartphone/Tablet,,tiktok,,,,,,Very Strong,4,Yes,Yes,I distracted myself,,Yes,Work Requirement,,,,,,,,,,,,,,,,,,,,,,,,,,,,,,,,,,,,,,0,,,,,,,,,,,,,,,,,,,,,,,,,,,,,,,,,,,,,,,,,,,,,,,,,,,,,,,,0,,,,,,,,,,,,,,,,,,,,,,,,,,,,,,,,,,,,,,,,,,,,,,,,,,,,,,,6 hrs,7 hrs,5 hrs,7 hrs,,,I would like to use digital media less,To a great extent,Difficult,,Neither disagree nor agree,Agree,Applies to me a great extent,Applies to me a great extent,Applies to me to an average extent,Applies to me to an average extent,Applies to me a great extent,Applies to me a great extent,Applies to me to an average extent,,,
2023-10-05 14:21:28,2023-10-06 16:38:02,IP Address,70.228.77.117,35,94593,False,2023-10-13 16:38:03,R_1Ico7kOHVGW49zl,,,,,,,anonymous,EN,,,,,Saturday,1,In the car,Computer/Laptop,,,New York Times,,,,,Normal,5,Yes,No,,,No,Low Cost,,,,,,,,,,,,,,,,,,,,,,,,,,,,,,,,,,,,,,2,,t4,Smartphone/Tablet,,,,,,,,,,,,,,,,,,,,,,,,,,,,,,,,,,,,,,,,,,,,,,,,,,,,,,,,,,,,,,,,,,,,,,,,,,,,,,,,,,,,,,,,,,,,,,,,,,,,,,,,,,,,,,,,,,,,,,,,,,,,,,,,,
2023-10-13 19:04:05,2023-10-13 19:04:10,Survey Preview,,100,4,True,2023-10-13 19:04:10,R_1QoqKKDcCkBPqiT,,,,,37.3476,-121.9338,preview,EN,I do not agree to participate,,,,,,,,,,,,,,,,,,,,,,,,,,,,,,,,,,,,,,,,,,,,,,,,,,,,,,,,,,,,,,,,,,,,,,,,,,,,,,,,,,,,,,,,,,,,,,,,,,,,,,,,,,,,,,,,,,,,,,,,,,,,,,,,,,,,,,,,,,,,,,,,,,,,,,,,,,,,,,,,,,,,,,,,,,,,,,,,,,,,,,,,,,,,,,,,
2023-10-17 13:03:31,2023-10-17 13:04:15,IP Address,129.210.115.236,13,44,False,2023-10-24 13:04:17,R_1GZZK52AhwwAlro,,,,,,,anonymous,EN,,,,,Friday,2,h,Computer/Laptop,,,nyt,,,,,Irresistible,6,No,No,,,No,Low Cost,,,,,,,,,,,,,,,,,,,,,,,,,,,,,,,,,,,,,,,,,,,,,,,,,,,,,,,,,,,,,,,,,,,,,,,,,,,,,,,,,,,,,,,,,,,,,,,,,,,,,,,,,,,,,,,,,,,,,,,,,,,,,,,,,,,,,,,,,,,,,,,,,,,,,,,,,,,,,,,,,,,,,,,,,,
2023-10-29 22:30:46,2023-10-29 22:48:07,Survey Preview,,100,1041,True,2023-10-29 22:48:09,R_sLMEwbWeZjrCAY9,,,,,37.3476,-121.9338,preview,EN,I agree to participate,test,test,test,Saturday,1,breakfast,Television,,,,netflix,,,,Normal,3,Yes,No,,,Yes,High Appeal/Entertainment,,,,,,,,,,,,,,,,,,,,,,,,,,,,,,,,,,,,,,2,3,driving,Smartphone/Tablet,,spotify,,,,,,Strong,1 (Not at all),Yes,Yes,I distracted myself,,Yes,High Appeal/Entertainment,,lunch,Smartphone/Tablet,,tiktok,,,,,,Strong,5,Yes,No,,,Yes,High Appeal/Entertainment,,,,,,,,,,,,,,,,,,,,0,,,,,,,,,,,,,,,,,,,,,,,,,,,,,,,,,,,,,,,,,,,,,,,,,,,,,,,4 hrs,5 hrs,3 hrs,5 hrs,,,I would like to use digital media less,To a small extent,Difficult,6,Agree,Disagree,Applies to me a great extent,Applies to me a great extent,Applies to me a great extent,Applies to me a great extent,Applies to me a great extent,Applies to me a great extent,Applies to me to an average extent,,,
2023-10-30 10:21:03,2023-10-30 10:34:54,IP Address,63.160.189.170,100,830,True,2023-10-30 10:34:54,R_3qmqEyuzub8SpiV,,,,,39.7503,-75.5453,anonymous,EN,I agree to participate,6138c06bd7d7f2b7720e7a27,6509d8ff6575322a616a134f,653fd7e81a2e4b15f8572705,Sunday,1,Apple TV+,Smartphone/Tablet,,Apple One,,,,,,Normal,5,Yes,Yes,I remind myself of my goals,,Yes,Low Cost,,,,,,,,,,,,,,,,,,,,,,,,,,,,,,,,,,,,,,1,3,The Queen's Messenger,Smartphone/Tablet,,Freedom,,,,,,Normal,5,Yes,Yes,I reminded myself of why it was bad for me,,Yes,Seeking Information,,,,,,,,,,,,,,,,,,,,,,,,,,,,,,,,,,,,,,1,Pilot,Smartphone/Tablet,,Bigger,,,,,,Strong,5,Yes,Yes,I promised myself I could give in later,,Yes,Seeking Information,,,,,,,,,,,,,,,,,,,,,,,,,,,,,,,,,,,,,,7 hrs,6 hrs,7 hrs,8 hrs,,,I would like to use digital media less,To an average extent,Easy,6,Agree,Neither disagree nor agree,Applies to me to an average extent,Applies to me a great extent,Applies to me to an average extent,Applies to me to an average extent,Applies to me to a small extent,Applies to me a great extent,Applies to me to an average extent,6138c06bd7d7f2b7720e7a27,6509d8ff6575322a616a134f,653fd7e81a2e4b15f8572705
2023-10-30 10:25:18,2023-10-30 10:34:54,IP Address,63.205.8.156,100,575,True,2023-10-30 10:34:55,R_DdXjGGm4ph02KIh,,,,,47.3236,-122.3187,anonymous,EN,I agree to participate,5c7298d08f31e7000161338d,6509d8ff6575322a616a134f,653fd8e6381b448d996d451d,Sunday,1,Waking up wanting to work on my website.,Smartphone/Tablet,,Youtube how to videos,,,,,,Strong,4,Yes,No,,,Yes,Constant Availability,,,,,,,,,,,,,,,,,,,,,,,,,,,,,,,,,,,,,,2,3,Pinterest pins,Smartphone/Tablet,,YouTube videos about Pinterest,,,,,,Strong,4,Yes,No,,,Yes,Constant Availability,,Facebook posts about Pinterest,Smartphone/Tablet,,Facebook,,,,,,Strong,4,Yes,No,,,Yes,Constant Availability,,,,,,,,,,,,,,,,,,,,1,Facebook groups,Smartphone/Tablet,,Facebook,,,,,,Strong,5,Yes,No,,,Yes,Constant Availability,,,,,,,,,,,,,,,,,,,,,,,,,,,,,,,,,,,,,,0 hr,10+ hrs,10+ hrs,10+ hrs,,,I use digital media about the right amount,Not at all,Neither easy nor difficult,6,Disagree,Disagree,Does not apply to me at all,Applies to me a great extent,Does not apply to me at all,Applies to me to an average extent,Does not apply to me at all,Does not apply to me at all,Applies to me to an average extent,5c7298d08f31e7000161338d,6509d8ff6575322a616a134f,653fd8e6381b448d996d451d
2023-10-30 10:24:57,2023-10-30 10:35:59,IP Address,184.170.68.27,100,662,True,2023-10-30 10:36:00,R_1Kj8g6zeh2L7gAA,,,,,37.3371,-79.2815,anonymous,EN,I agree to participate,60fe0341894edabd0c32faaa,6509d8ff6575322a616a134f,653fd844d74a926bfdee7d23,Sunday,3,Breakfast with H,Smartphone/Tablet,,Instagram,,,,,,Normal,1 (Not at all),Yes,Yes,I just used willpower/simply resisted,,No,Constant Availability,,Church,Smartphone/Tablet,,Instagram,,,,,,Very Strong,4,Yes,Yes,"I removed the device/app from the situation,I distracted myself,I remind myself of my goals",,No,High Appeal/Entertainment,,Nap,No Desires,,,,,,,,,,,,,,,,,0,,,,,,,,,,,,,,,,,,,,,,,,,,,,,,,,,,,,,,,,,,,,,,,,,,,,,,,,1,Dinner,Smartphone/Tablet,,TikTok,,,,,,Very Strong,1 (Not at all),Yes,No,,,Yes,High Appeal/Entertainment,,,,,,,,,,,,,,,,,,,,,,,,,,,,,,,,,,,,,,9 hrs,5 hrs,3 hrs,7 hrs,,,I would like to use digital media less,To a small extent,Difficult,6,Agree,Neither disagree nor agree,Applies to me a great extent,Applies to me to a small extent,Completely applies to me,Applies to me a great extent,Applies to me a great extent,Applies to me to a small extent,Applies to me to a small extent,60fe0341894edabd0c32faaa,6509d8ff6575322a616a134f,653fd844d74a926bfdee7d23
2023-10-30 10:21:10,2023-10-30 10:40:05,IP Address,174.202.98.16,100,1135,True,2023-10-30 10:40:06,R_a9TPSL6X6SIDvpL,,,,,39.2051,-85.9324,anonymous,EN,I agree to participate,5e9491c06fe39806ac4e9e14,6509d8ff6575322a616a134f,653fd7e8363b27c49cf2409a,Sunday,1,Breakfast with L,Smartphone/Tablet,,Camera,,,,,,Irresistible,1 (Not at all),Yes,No,,,Yes,High Appeal/Entertainment,,,,,,,,,,,,,,,,,,,,,,,,,,,,,,,,,,,,,,1,3,Shopping with kids,Smartphone/Tablet,,FaceTime app,,,,,,Irresistible,1 (Not at all),Yes,No,,,Yes,High Appeal/Entertainment,,,,,,,,,,,,,,,,,,,,,,,,,,,,,,,,,,,,,,1,Birthday party,Smartphone/Tablet,,Video,,,,,,Irresistible,1 (Not at all),Yes,No,,,Yes,High Appeal/Entertainment,,,,,,,,,,,,,,,,,,,,,,,,,,,,,,,,,,,,,,3 hrs,3 hrs,1 hrs,1 hrs,,,I would like to use digital media less,To a great extent,Easy,6,Strongly agree,Disagree,Completely applies to me,Completely applies to me,Completely applies to me,Completely applies to me,Completely applies to me,Completely applies to me,Completely applies to me,5e9491c06fe39806ac4e9e14,6509d8ff6575322a616a134f,653fd7e8363b27c49cf2409a
2023-10-30 10:37:52,2023-10-30 10:46:03,IP Address,73.68.124.112,100,490,True,2023-10-30 10:46:03,R_2wgkk3SHDBsNrkr,,,,,41.3148,-72.6994,anonymous,EN,I agree to participate,653d80bbb386b90645c756dc,6509d8ff6575322a616a134f,653fdbdaadd450109286601f,Sunday,3,moving sailboat,No Desires,,,,,,,,,,,,,,,,,grocery shopping,Smartphone/Tablet,,iPhone,,,,,,Very Weak,1 (Not at all),Yes,No,,,Yes,Seeking Information,,Errands,Smartphone/Tablet,,iPhone,,,,,,Normal,1 (Not at all),Yes,No,,,Yes,High Appeal/Entertainment,,2,3,lunch,Television,,,,"TV, Peacock",,,,Normal,2,Yes,No,,,Yes,High Appeal/Entertainment,,crafting,Television,,,,"TV, Peacock",,,,Normal,1 (Not at all),Yes,No,,,Yes,High Appeal/Entertainment,,,,,,,,,,,,,,,,,,,,1,relaxing,Television,,,,"TV, Peacock",,,,Normal,2,Yes,No,,,Yes,High Appeal/Entertainment,,,,,,,,,,,,,,,,,,,,,,,,,,,,,,,,,,,,,,8 hrs,3 hrs,0 hrs,10+ hrs,,,I use digital media about the right amount,To an average extent,Easy,6,Agree,Neither disagree nor agree,Applies to me to a small extent,Applies to me to a small extent,Applies to me to an average extent,Applies to me to a small extent,Applies to me a great extent,Applies to me to a small extent,Applies to me to an average extent,653d80bbb386b90645c756dc,6509d8ff6575322a616a134f,653fdbdaadd450109286601f
2023-10-30 10:38:15,2023-10-30 10:50:05,IP Address,23.93.220.77,100,709,True,2023-10-30 10:50:06,R_3EfD5oYAVCkmA17,,,,,37.8043,-122.2156,anonymous,EN,I agree to participate,5e7d031be805560ae6b93dba,6509d8ff6575322a616a134f,653fdbf2075eb7345f79c2a5,Sunday,3,Breakky,Television,,,,Peacock,,,,Strong,2,Yes,No,,,Yes,Constant Availability,,Rest,Smartphone/Tablet,,Instagram,,,,,,Very Strong,5,Yes,No,,,Yes,High Appeal/Entertainment,,Wedding,Smartphone/Tablet,,Instagram,,,,,,Very Strong,3,Yes,Yes,I distracted myself,,Yes,High Appeal/Entertainment,,0,3,,,,,,,,,,,,,,,,,,,,,,,,,,,,,,,,,,,,,,,,,,,,,,,,,,,,,,,1,Bed,Smartphone/Tablet,,Instagram,,,,,,Very Strong,6,No,Yes,I distracted myself,,No,High Appeal/Entertainment,,,,,,,,,,,,,,,,,,,,,,,,,,,,,,,,,,,,,,3 hrs,3 hrs,1 hrs,4 hrs,,,I would like to use digital media less,To a small extent,Difficult,6,Agree,Agree,Completely applies to me,Completely applies to me,Completely applies to me,Applies to me a great extent,Applies to me a great extent,Applies to me to a small extent,Applies to me a great extent,5e7d031be805560ae6b93dba,6509d8ff6575322a616a134f,653fdbf2075eb7345f79c2a5
2023-11-27 09:44:28,2023-11-27 10:05:17,Survey Preview,,100,1248,True,2023-11-27 10:05:19,R_x9qvc6cxue23fRD,,,,,55.6802,12.5892,preview,EN,I agree to participate,blah,blah,blah,Sunday,1,scrolling in bed,Smartphone/Tablet,,twitter/x,,,,,,Strong,5,Yes,Yes,I distracted myself,,Yes,High Appeal/Entertainment,,,,,,,,,,,,,,,,,,,,,,,,,,,,,,,,,,,,,,1,3,nephew's bday party,Smartphone/Tablet,,twitter/x,,,,,,Strong,6,Yes,Yes,I removed the device/app from the situation,,Yes,Constant Availability,,,,,,,,,,,,,,,,,,,,,,,,,,,,,,,,,,,,,,1,reading-time in bed,Smartphone/Tablet,,twitter/x,,,,,,Strong,6,Yes,Yes,I remind myself of my goals,,Yes,Constant Availability,,,,,,,,,,,,,,,,,,,,,,,,,,,,,,,,,,,,,,10+ hrs,4 hrs,4 hrs,8 hrs,0 hrs,0 hrs,I use digital media about the right amount,To a great extent,Neither easy nor difficult,Does not apply to me,Strongly agree,Neither disagree nor agree,Applies to me to an average extent,Completely applies to me,Completely applies to me,Completely applies to me,Completely applies to me,Applies to me to a small extent,Completely applies to me,,,
2024-01-28 14:54:19,2024-01-28 15:35:04,IP Address,129.210.115.225,100,2444,True,2024-01-28 15:35:05,R_3nc8PVmOjg0gCUq,,,,,37.3526,-121.9541,anonymous,EN,I agree to participate,0,0,0,Saturday,2,Wake up + physics hw,Smartphone/Tablet,,Notability,,,,,,Very Strong,1 (Not at all),Yes,No,,,Yes,Work Requirement,,Target with R,Smartphone/Tablet,,Notes,,,,,,Normal,1 (Not at all),Yes,No,,,Yes,Other,Store information (grocery list),,,,,,,,,,,,,,,,,,,3,3,Chill at room,Smartphone/Tablet,,Text,,,,,,Normal,2,Yes,No,,,Yes,High Appeal/Entertainment,,Waiting downtown,Smartphone/Tablet,,Duolingo,,,,,,Normal,3,Yes,Yes,"I distracted myself,I promised myself I could give in later",,No,High Appeal/Entertainment,,Mass,No Desires,,,,,,,,,,,,,,,,,3,Downtown events,Smartphone/Tablet,,Text,,,,,,Strong,3,Yes,Yes,"I distracted myself,I remind myself of my goals,I promised myself I could give in later",,Yes,High Appeal/Entertainment,,FaceTime with J,Smartphone/Tablet,,FaceTime,,,,,,Very Strong,1 (Not at all),Yes,No,,,Yes,Other,Friendship,Unwind before bed,Smartphone/Tablet,,YouTube,,,,,,Very Strong,3,Yes,Yes,I reminded myself of why it was bad for me,,Yes,High Appeal/Entertainment,,8 hrs,3 hrs,8 hrs,4 hrs,,,I would like to use digital media less,To an average extent,Difficult,6,Agree,Disagree,Applies to me a great extent,Does not apply to me at all,Applies to me to an average extent,Applies to me to a small extent,Applies to me a great extent,Does not apply to me at all,Applies to me to a small extent,,,
2024-01-29 17:07:28,2024-01-29 17:14:13,Survey Preview,,100,405,True,2024-01-29 17:14:15,R_5ozvl1GKmcAz3Rk,,,,,37.3209,-121.9126,preview,EN,I agree to participate,0,0,0,Sunday,1,In the bathroom,Smartphone/Tablet,,tiktok,,,,,,Normal,5,Yes,No,,,Yes,Constant Availability,,,,,,,,,,,,,,,,,,,,,,,,,,,,,,,,,,,,,,1,3,driving home,Television,,,,YouTube,,,,Strong,5,Yes,No,,,Yes,High Appeal/Entertainment,,,,,,,,,,,,,,,,,,,,,,,,,,,,,,,,,,,,,,0,,,,,,,,,,,,,,,,,,,,,,,,,,,,,,,,,,,,,,,,,,,,,,,,,,,,,,,0 hr,2 hrs,0 hrs,4 hrs,0 hrs,10+ hrs,I would like to use digital media less,To a small extent,Difficult,Does not apply to me,Agree,Agree,Applies to me a great extent,Applies to me to an average extent,Applies to me to an average extent,Applies to me to an average extent,Applies to me a great extent,Does not apply to me at all,Applies to me a great extent,,,
2024-01-22 18:40:06,2024-01-22 19:06:52,IP Address,129.210.115.236,1,1606,False,2024-01-29 19:06:59,R_3gNhccEibFN3Va5,,,,,,,anonymous,EN,I agree to participate,,,,,,,,,,,,,,,,,,,,,,,,,,,,,,,,,,,,,,,,,,,,,,,,,,,,,,,,,,,,,,,,,,,,,,,,,,,,,,,,,,,,,,,,,,,,,,,,,,,,,,,,,,,,,,,,,,,,,,,,,,,,,,,,,,,,,,,,,,,,,,,,,,,,,,,,,,,,,,,,,,,,,,,,,,,,,,,,,,,,,,,,,,,,,,,,
